Article,Fig,Rate,Glucose,ATP,G6P,ADP,Phosphate,pH,Temperature,Apparent_Keq
CopleyJBC1967,Fig1,0.278597497,1.25E-05,0.005,0,0,0,7.6,28,4665.4
CopleyJBC1967,Fig1,0.27210399,1.25E-05,0.0025,0,0,0,7.6,28,4665.4
CopleyJBC1967,Fig1,0.238242753,1.25E-05,0.00125,0,0,0,7.6,28,4665.4
CopleyJBC1967,Fig1,0.222412144,1.25E-05,0.001,0,0,0,7.6,28,4665.4
CopleyJBC1967,Fig1,0.20076752,1.25E-05,0.00071,0,0,0,7.6,28,4665.4
CopleyJBC1967,Fig1,0.346328615,1.70E-05,0.005,0,0,0,7.6,28,4665.4
CopleyJBC1967,Fig1,0.318872692,1.70E-05,0.0025,0,0,0,7.6,28,4665.4
CopleyJBC1967,Fig1,0.280066944,1.70E-05,0.00125,0,0,0,7.6,28,4665.4
CopleyJBC1967,Fig1,0.266202056,1.70E-05,0.001,0,0,0,7.6,28,4665.4
CopleyJBC1967,Fig1,0.240036599,1.70E-05,0.00071,0,0,0,7.6,28,4665.4
CopleyJBC1967,Fig1,0.457570741,2.50E-05,0.005,0,0,0,7.6,28,4665.4
CopleyJBC1967,Fig1,0.402546916,2.50E-05,0.0025,0,0,0,7.6,28,4665.4
CopleyJBC1967,Fig1,0.359598267,2.50E-05,0.00125,0,0,0,7.6,28,4665.4
CopleyJBC1967,Fig1,0.326040497,2.50E-05,0.001,0,0,0,7.6,28,4665.4
CopleyJBC1967,Fig1,0.288679042,2.50E-05,0.00071,0,0,0,7.6,28,4665.4
CopleyJBC1967,Fig1,0.646778475,5.00E-05,0.005,0,0,0,7.6,28,4665.4
CopleyJBC1967,Fig1,0.553309642,5.00E-05,0.0025,0,0,0,7.6,28,4665.4
CopleyJBC1967,Fig1,0.441124472,5.00E-05,0.00125,0,0,0,7.6,28,4665.4
CopleyJBC1967,Fig1,0.409784179,5.00E-05,0.001,0,0,0,7.6,28,4665.4
CopleyJBC1967,Fig1,0.338970693,5.00E-05,0.00071,0,0,0,7.6,28,4665.4
CopleyJBC1967,Fig1,0.828039806,0.0001,0.005,0,0,0,7.6,28,4665.4
CopleyJBC1967,Fig1,0.652941931,0.0001,0.0025,0,0,0,7.6,28,4665.4
CopleyJBC1967,Fig1,0.505409862,0.0001,0.00125,0,0,0,7.6,28,4665.4
CopleyJBC1967,Fig1,0.464684637,0.0001,0.001,0,0,0,7.6,28,4665.4
CopleyJBC1967,Fig1,0.404246789,0.0001,0.00071,0,0,0,7.6,28,4665.4
CopleyJBC1967,Fig2,0.403989514,0.0001,0.00071,0,0,0,7.6,28,4665.4
CopleyJBC1967,Fig2,0.34291846,5.00E-05,0.00071,0,0,0,7.6,28,4665.4
CopleyJBC1967,Fig2,0.293378632,2.50E-05,0.00071,0,0,0,7.6,28,4665.4
CopleyJBC1967,Fig2,0.240020418,1.70E-05,0.00071,0,0,0,7.6,28,4665.4
CopleyJBC1967,Fig2,0.20199257,1.25E-05,0.00071,0,0,0,7.6,28,4665.4
CopleyJBC1967,Fig2,0.467460419,0.0001,0.001,0,0,0,7.6,28,4665.4
CopleyJBC1967,Fig2,0.410084461,5.00E-05,0.001,0,0,0,7.6,28,4665.4
CopleyJBC1967,Fig2,0.327360117,2.50E-05,0.001,0,0,0,7.6,28,4665.4
CopleyJBC1967,Fig2,0.265996069,1.70E-05,0.001,0,0,0,7.6,28,4665.4
CopleyJBC1967,Fig2,0.224899182,1.25E-05,0.001,0,0,0,7.6,28,4665.4
CopleyJBC1967,Fig2,0.509604459,0.0001,0.00125,0,0,0,7.6,28,4665.4
CopleyJBC1967,Fig2,0.440448087,5.00E-05,0.00125,0,0,0,7.6,28,4665.4
CopleyJBC1967,Fig2,0.360791993,2.50E-05,0.00125,0,0,0,7.6,28,4665.4
CopleyJBC1967,Fig2,0.279822338,1.70E-05,0.00125,0,0,0,7.6,28,4665.4
CopleyJBC1967,Fig2,0.23816558,1.25E-05,0.00125,0,0,0,7.6,28,4665.4
CopleyJBC1967,Fig2,0.654094619,0.0001,0.0025,0,0,0,7.6,28,4665.4
CopleyJBC1967,Fig2,0.560567585,5.00E-05,0.0025,0,0,0,7.6,28,4665.4
CopleyJBC1967,Fig2,0.401835553,2.50E-05,0.0025,0,0,0,7.6,28,4665.4
CopleyJBC1967,Fig2,0.316664943,1.70E-05,0.0025,0,0,0,7.6,28,4665.4
CopleyJBC1967,Fig2,0.27066827,1.25E-05,0.0025,0,0,0,7.6,28,4665.4
CopleyJBC1967,Fig2,0.820186953,0.0001,0.005,0,0,0,7.6,28,4665.4
CopleyJBC1967,Fig2,0.643533696,5.00E-05,0.005,0,0,0,7.6,28,4665.4
CopleyJBC1967,Fig2,0.453399451,2.50E-05,0.005,0,0,0,7.6,28,4665.4
CopleyJBC1967,Fig2,0.342573655,1.70E-05,0.005,0,0,0,7.6,28,4665.4
CopleyJBC1967,Fig2,0.277989543,1.25E-05,0.005,0,0,0,7.6,28,4665.4
CopleyJBC1967,Fig7,0.441738972,0.0001,0.005,6.60E-05,0,0,7.6,28,4665.4
CopleyJBC1967,Fig7,0.270338677,0.0001,0.0025,6.60E-05,0,0,7.6,28,4665.4
CopleyJBC1967,Fig7,0.212912696,0.0001,0.00125,6.60E-05,0,0,7.6,28,4665.4
CopleyJBC1967,Fig7,0.142000597,0.0001,0.001,6.60E-05,0,0,7.6,28,4665.4
CopleyJBC1967,Fig7,0.106921223,0.0001,0.00071,6.60E-05,0,0,7.6,28,4665.4
CopleyJBC1967,Fig7,0.57515007,0.0001,0.005,4.40E-05,0,0,7.6,28,4665.4
CopleyJBC1967,Fig7,0.385156675,0.0001,0.0025,4.40E-05,0,0,7.6,28,4665.4
CopleyJBC1967,Fig7,0.303353489,0.0001,0.00125,4.40E-05,0,0,7.6,28,4665.4
CopleyJBC1967,Fig7,0.21451154,0.0001,0.001,4.40E-05,0,0,7.6,28,4665.4
CopleyJBC1967,Fig7,0.168861793,0.0001,0.00071,4.40E-05,0,0,7.6,28,4665.4
CopleyJBC1967,Fig7,0.70243738,0.0001,0.005,2.20E-05,0,0,7.6,28,4665.4
CopleyJBC1967,Fig7,0.537287523,0.0001,0.0025,2.20E-05,0,0,7.6,28,4665.4
CopleyJBC1967,Fig7,0.470864615,0.0001,0.00125,2.20E-05,0,0,7.6,28,4665.4
CopleyJBC1967,Fig7,0.360830992,0.0001,0.001,2.20E-05,0,0,7.6,28,4665.4
CopleyJBC1967,Fig7,0.308263887,0.0001,0.00071,2.20E-05,0,0,7.6,28,4665.4
CopleyJBC1967,Fig7,0.902077475,0.0001,0.005,0,0,0,7.6,28,4665.4
CopleyJBC1967,Fig7,0.758383719,0.0001,0.0025,0,0,0,7.6,28,4665.4
CopleyJBC1967,Fig7,0.70243738,0.0001,0.00125,0,0,0,7.6,28,4665.4
CopleyJBC1967,Fig7,0.639532537,0.0001,0.001,0,0,0,7.6,28,4665.4
CopleyJBC1967,Fig7,0.56941768,0.0001,0.00071,0,0,0,7.6,28,4665.4
CopleyJBC1967,Fig8,0.301740638,0.0001,0.0025,6.60E-05,0,0,7.6,28,4665.4
CopleyJBC1967,Fig8,0.272502754,5.00E-05,0.0025,6.60E-05,0,0,7.6,28,4665.4
CopleyJBC1967,Fig8,0.227519594,2.50E-05,0.0025,6.60E-05,0,0,7.6,28,4665.4
CopleyJBC1967,Fig8,0.195285353,1.70E-05,0.0025,6.60E-05,0,0,7.6,28,4665.4
CopleyJBC1967,Fig8,0.170215985,1.25E-05,0.0025,6.60E-05,0,0,7.6,28,4665.4
CopleyJBC1967,Fig8,0.389190041,0.0001,0.0025,4.40E-05,0,0,7.6,28,4665.4
CopleyJBC1967,Fig8,0.350449663,5.00E-05,0.0025,4.40E-05,0,0,7.6,28,4665.4
CopleyJBC1967,Fig8,0.288649701,2.50E-05,0.0025,4.40E-05,0,0,7.6,28,4665.4
CopleyJBC1967,Fig8,0.236247378,1.70E-05,0.0025,4.40E-05,0,0,7.6,28,4665.4
CopleyJBC1967,Fig8,0.210812809,1.25E-05,0.0025,4.40E-05,0,0,7.6,28,4665.4
CopleyJBC1967,Fig8,0.552315855,0.0001,0.0025,2.20E-05,0,0,7.6,28,4665.4
CopleyJBC1967,Fig8,0.477418983,5.00E-05,0.0025,2.20E-05,0,0,7.6,28,4665.4
CopleyJBC1967,Fig8,0.379660987,2.50E-05,0.0025,2.20E-05,0,0,7.6,28,4665.4
CopleyJBC1967,Fig8,0.300230363,1.70E-05,0.0025,2.20E-05,0,0,7.6,28,4665.4
CopleyJBC1967,Fig8,0.256492647,1.25E-05,0.0025,2.20E-05,0,0,7.6,28,4665.4
CopleyJBC1967,Fig8,0.798692769,0.0001,0.0025,0,0,0,7.6,28,4665.4
CopleyJBC1967,Fig8,0.657131932,5.00E-05,0.0025,0,0,0,7.6,28,4665.4
CopleyJBC1967,Fig8,0.495493295,2.50E-05,0.0025,0,0,0,7.6,28,4665.4
CopleyJBC1967,Fig8,0.391011265,1.70E-05,0.0025,0,0,0,7.6,28,4665.4
CopleyJBC1967,Fig8,0.325922198,1.25E-05,0.0025,0,0,0,7.6,28,4665.4
CopleyJBC1967,Fig9,0.788099721,0.0001,0.005,0,0,0,7.6,28,4665.4
CopleyJBC1967,Fig9,0.700767537,0.0001,0.0025,0,0,0,7.6,28,4665.4
CopleyJBC1967,Fig9,0.625355502,0.0001,0.00166,0,0,0,7.6,28,4665.4
CopleyJBC1967,Fig9,0.497175672,0.0001,0.001,0,0,0,7.6,28,4665.4
CopleyJBC1967,Fig9,0.419708723,0.0001,0.00071,0,0,0,7.6,28,4665.4
CopleyJBC1967,Fig9,0.605399793,0.0001,0.005,0,0.0012,0,7.6,28,4665.4
CopleyJBC1967,Fig9,0.48633601,0.0001,0.0025,0,0.0012,0,7.6,28,4665.4
CopleyJBC1967,Fig9,0.401925069,0.0001,0.00166,0,0.0012,0,7.6,28,4665.4
CopleyJBC1967,Fig9,0.312395006,0.0001,0.001,0,0.0012,0,7.6,28,4665.4
CopleyJBC1967,Fig9,0.260008956,0.0001,0.00071,0,0.0012,0,7.6,28,4665.4
CopleyJBC1967,Fig9,0.498162966,0.0001,0.005,0,0.0024,0,7.6,28,4665.4
CopleyJBC1967,Fig9,0.400961452,0.0001,0.0025,0,0.0024,0,7.6,28,4665.4
CopleyJBC1967,Fig9,0.323639374,0.0001,0.00166,0,0.0024,0,7.6,28,4665.4
CopleyJBC1967,Fig9,0.24449262,0.0001,0.001,0,0.0024,0,7.6,28,4665.4
CopleyJBC1967,Fig9,0.204695714,0.0001,0.00071,0,0.0024,0,7.6,28,4665.4
CopleyJBC1967,Fig9,0.385277431,0.0001,0.005,0,0.0036,0,7.6,28,4665.4
CopleyJBC1967,Fig9,0.334858182,0.0001,0.0025,0,0.0036,0,7.6,28,4665.4
CopleyJBC1967,Fig9,0.258438871,0.0001,0.00166,0,0.0036,0,7.6,28,4665.4
CopleyJBC1967,Fig9,0.19811026,0.0001,0.001,0,0.0036,0,7.6,28,4665.4
CopleyJBC1967,Fig9,0.162407643,0.0001,0.00071,0,0.0036,0,7.6,28,4665.4
CopleyJBC1967,Fig10,0.783756801,0.0001,0.0025,0,0,0,7.6,28,4665.4
CopleyJBC1967,Fig10,0.6020148,5.00E-05,0.0025,0,0,0,7.6,28,4665.4
CopleyJBC1967,Fig10,0.480945564,2.50E-05,0.0025,0,0,0,7.6,28,4665.4
CopleyJBC1967,Fig10,0.382019397,1.70E-05,0.0025,0,0,0,7.6,28,4665.4
CopleyJBC1967,Fig10,0.322111863,1.25E-05,0.0025,0,0,0,7.6,28,4665.4
CopleyJBC1967,Fig10,0.595354234,0.0001,0.0025,0,0.0012,0,7.6,28,4665.4
CopleyJBC1967,Fig10,0.518826225,5.00E-05,0.0025,0,0.0012,0,7.6,28,4665.4
CopleyJBC1967,Fig10,0.385390632,2.50E-05,0.0025,0,0.0012,0,7.6,28,4665.4
CopleyJBC1967,Fig10,0.310644252,1.70E-05,0.0025,0,0.0012,0,7.6,28,4665.4
CopleyJBC1967,Fig10,0.26253205,1.25E-05,0.0025,0,0.0012,0,7.6,28,4665.4
CopleyJBC1967,Fig10,0.472170158,0.0001,0.0025,0,0.0024,0,7.6,28,4665.4
CopleyJBC1967,Fig10,0.405065778,5.00E-05,0.0025,0,0.0024,0,7.6,28,4665.4
CopleyJBC1967,Fig10,0.327855581,2.50E-05,0.0025,0,0.0024,0,7.6,28,4665.4
CopleyJBC1967,Fig10,0.27667943,1.70E-05,0.0025,0,0.0024,0,7.6,28,4665.4
CopleyJBC1967,Fig10,0.233557795,1.25E-05,0.0025,0,0.0024,0,7.6,28,4665.4
CopleyJBC1967,Fig10,0.404836135,0.0001,0.0025,0,0.0036,0,7.6,28,4665.4
CopleyJBC1967,Fig10,0.356658012,5.00E-05,0.0025,0,0.0036,0,7.6,28,4665.4
CopleyJBC1967,Fig10,0.283873322,2.50E-05,0.0025,0,0.0036,0,7.6,28,4665.4
CopleyJBC1967,Fig10,0.249405076,1.70E-05,0.0025,0,0.0036,0,7.6,28,4665.4
CopleyJBC1967,Fig10,0.208458062,1.25E-05,0.0025,0,0.0036,0,7.6,28,4665.4
MagnaniMolCellBio98,Fig6A,0.322851153,0.0025,0.002,5.00E-05,0,0,7.2,37,2819.08
MagnaniMolCellBio98,Fig6A,0.277377522,0.0025,0.0015,5.00E-05,0,0,7.2,37,2819.08
MagnaniMolCellBio98,Fig6A,0.207491242,0.0025,0.001,5.00E-05,0,0,7.2,37,2819.08
MagnaniMolCellBio98,Fig6A,0.169454225,0.0025,0.0008,5.00E-05,0,0,7.2,37,2819.08
MagnaniMolCellBio98,Fig6A,0.129673291,0.0025,0.0006,5.00E-05,0,0,7.2,37,2819.08
MagnaniMolCellBio98,Fig6A,0.110935024,0.0025,0.0005,5.00E-05,0,0,7.2,37,2819.08
MagnaniMolCellBio98,Fig6A,0.430167598,0.0025,0.002,5.00E-05,0,0.001,7.2,37,2819.08
MagnaniMolCellBio98,Fig6A,0.332326284,0.0025,0.0015,5.00E-05,0,0.001,7.2,37,2819.08
MagnaniMolCellBio98,Fig6A,0.251223491,0.0025,0.001,5.00E-05,0,0.001,7.2,37,2819.08
MagnaniMolCellBio98,Fig6A,0.216413716,0.0025,0.0008,5.00E-05,0,0.001,7.2,37,2819.08
MagnaniMolCellBio98,Fig6A,0.177419355,0.0025,0.0006,5.00E-05,0,0.001,7.2,37,2819.08
MagnaniMolCellBio98,Fig6A,0.149340574,0.0025,0.0005,5.00E-05,0,0.001,7.2,37,2819.08
MagnaniMolCellBio98,Fig6A,0.507246377,0.0025,0.002,5.00E-05,0,0.002,7.2,37,2819.08
MagnaniMolCellBio98,Fig6A,0.438496583,0.0025,0.0015,5.00E-05,0,0.002,7.2,37,2819.08
MagnaniMolCellBio98,Fig6A,0.284342688,0.0025,0.001,5.00E-05,0,0.002,7.2,37,2819.08
MagnaniMolCellBio98,Fig6A,0.251223491,0.0025,0.0008,5.00E-05,0,0.002,7.2,37,2819.08
MagnaniMolCellBio98,Fig6A,0.215384615,0.0025,0.0006,5.00E-05,0,0.002,7.2,37,2819.08
MagnaniMolCellBio98,Fig6A,0.188494492,0.0025,0.0005,5.00E-05,0,0.002,7.2,37,2819.08
MagnaniMolCellBio98,Fig6A,0.644351464,0.0025,0.002,0,0,0,7.2,37,2819.08
MagnaniMolCellBio98,Fig6A,0.543785311,0.0025,0.0015,0,0,0,7.2,37,2819.08
MagnaniMolCellBio98,Fig6A,0.451612903,0.0025,0.001,0,0,0,7.2,37,2819.08
MagnaniMolCellBio98,Fig6A,0.37342386,0.0025,0.0008,0,0,0,7.2,37,2819.08
MagnaniMolCellBio98,Fig6A,0.344982079,0.0025,0.0006,0,0,0,7.2,37,2819.08
MagnaniMolCellBio98,Fig6A,0.277377522,0.0025,0.0005,0,0,0,7.2,37,2819.08
KosowArchBnB1973,Fig1,1.849029802,0.00012,0.001,0,0,0,8,25,9980.02
KosowArchBnB1973,Fig1,1.687851737,0.00012,0.001,5.00E-06,0,0,8,25,9980.02
KosowArchBnB1973,Fig1,1.361227306,0.00012,0.001,1.00E-05,0,0,8,25,9980.02
KosowArchBnB1973,Fig1,1.126208049,0.00012,0.001,1.50E-05,0,0,8,25,9980.02
KosowArchBnB1973,Fig1,0.879625799,0.00012,0.001,2.00E-05,0,0,8,25,9980.02
KosowArchBnB1973,Fig1,0.589334114,0.00012,0.001,3.00E-05,0,0,8,25,9980.02
KosowArchBnB1973,Fig1,0.409374679,0.00012,0.001,4.00E-05,0,0,8,25,9980.02
KosowArchBnB1973,Fig1,2.305305896,0.00012,0.001,0,0,0.004,8,25,9980.02
KosowArchBnB1973,Fig1,1.80405227,0.00012,0.001,1.00E-05,0,0.004,8,25,9980.02
KosowArchBnB1973,Fig1,1.469578508,0.00012,0.001,2.00E-05,0,0.004,8,25,9980.02
KosowArchBnB1973,Fig1,1.353026446,0.00012,0.001,3.00E-05,0,0.004,8,25,9980.02
KosowArchBnB1973,Fig1,1.1192777,0.00012,0.001,4.00E-05,0,0.004,8,25,9980.02
KosowArchBnB1973,Fig2,0.638381877,0.00012,0.004,2.00E-05,0,0,8,25,9980.02
KosowArchBnB1973,Fig2,0.552534815,0.00012,0.002,2.00E-05,0,0,8,25,9980.02
KosowArchBnB1973,Fig2,0.354697843,0.00012,0.001,2.00E-05,0,0,8,25,9980.02
KosowArchBnB1973,Fig2,0.258499191,0.00012,0.0006,2.00E-05,0,0,8,25,9980.02
KosowArchBnB1973,Fig2,0.851434774,0.00012,0.004,1.00E-05,0,0,8,25,9980.02
KosowArchBnB1973,Fig2,0.693614561,0.00012,0.002,1.00E-05,0,0,8,25,9980.02
KosowArchBnB1973,Fig2,0.563595722,0.00012,0.001,1.00E-05,0,0,8,25,9980.02
KosowArchBnB1973,Fig2,0.395799737,0.00012,0.0006,1.00E-05,0,0,8,25,9980.02
KosowArchBnB1973,Fig2,0.968803511,0.00012,0.004,0,0,0,8,25,9980.02
KosowArchBnB1973,Fig2,0.873474042,0.00012,0.002,0,0,0,8,25,9980.02
KosowArchBnB1973,Fig2,0.855645477,0.00012,0.001,0,0,0,8,25,9980.02
KosowArchBnB1973,Fig2,0.753478044,0.00012,0.0006,0,0,0,8,25,9980.02
KosowArchBnB1973,Fig2,0.725309464,0.00012,0.004,4.00E-05,0,0.005,8,25,9980.02
KosowArchBnB1973,Fig2,0.655652544,0.00012,0.002,4.00E-05,0,0.005,8,25,9980.02
KosowArchBnB1973,Fig2,0.49566416,0.00012,0.001,4.00E-05,0,0.005,8,25,9980.02
KosowArchBnB1973,Fig2,0.385263624,0.00012,0.0006,4.00E-05,0,0.005,8,25,9980.02
KosowArchBnB1973,Fig2,0.864934625,0.00012,0.004,2.00E-05,0,0.005,8,25,9980.02
KosowArchBnB1973,Fig2,0.734532542,0.00012,0.002,2.00E-05,0,0.005,8,25,9980.02
KosowArchBnB1973,Fig2,0.660681862,0.00012,0.001,2.00E-05,0,0.005,8,25,9980.02
KosowArchBnB1973,Fig2,0.531611147,0.00012,0.0006,2.00E-05,0,0.005,8,25,9980.02
KosowArchBnB1973,Fig2,0.984549487,0.00012,0.004,0,0,0.005,8,25,9980.02
KosowArchBnB1973,Fig2,0.915846945,0.00012,0.002,0,0,0.005,8,25,9980.02
KosowArchBnB1973,Fig2,0.878082639,0.00012,0.001,0,0,0.005,8,25,9980.02
KosowArchBnB1973,Fig4,0.176564608,9.00E-05,0.001,6.00E-05,0,0,6.9,25,1018.69
KosowArchBnB1973,Fig4,0.236772485,9.00E-05,0.001,6.00E-05,0,0.0001,6.9,25,1018.69
KosowArchBnB1973,Fig4,0.301424344,9.00E-05,0.001,6.00E-05,0,0.0002,6.9,25,1018.69
KosowArchBnB1973,Fig4,0.29707865,9.00E-05,0.001,6.00E-05,0,0.0003,6.9,25,1018.69
KosowArchBnB1973,Fig4,0.357286527,9.00E-05,0.001,6.00E-05,0,0.0004,6.9,25,1018.69
KosowArchBnB1973,Fig4,0.49370904,9.00E-05,0.001,6.00E-05,0,0.001,6.9,25,1018.69
KosowArchBnB1973,Fig4,0.601649351,9.00E-05,0.001,6.00E-05,0,0.002,6.9,25,1018.69
KosowArchBnB1973,Fig4,0.709596684,9.00E-05,0.001,6.00E-05,0,0.003,6.9,25,1018.69
KosowArchBnB1973,Fig4,1,9.00E-05,0.001,0,0,0,6.9,25,1018.69
KosowArchBnB1973,Fig4,1,9.00E-05,0.001,0,0,0.0001,6.9,25,1018.69
KosowArchBnB1973,Fig4,1,9.00E-05,0.001,0,0,0.0002,6.9,25,1018.69
KosowArchBnB1973,Fig4,1,9.00E-05,0.001,0,0,0.0003,6.9,25,1018.69
KosowArchBnB1973,Fig4,1,9.00E-05,0.001,0,0,0.0004,6.9,25,1018.69
KosowArchBnB1973,Fig4,1,9.00E-05,0.001,0,0,0.001,6.9,25,1018.69
KosowArchBnB1973,Fig4,1,9.00E-05,0.001,0,0,0.002,6.9,25,1018.69
KosowArchBnB1973,Fig4,1,9.00E-05,0.001,0,0,0.003,6.9,25,1018.69
EllisonJBC1975,Fig1,0.038210548,0.0007,0.001,0.001,0,0,7.6,28,4665.4
EllisonJBC1975,Fig1,0.019514903,0.0007,0.0005,0.001,0,0,7.6,28,4665.4
EllisonJBC1975,Fig1,0.013010759,0.0007,0.000333333,0.001,0,0,7.6,28,4665.4
EllisonJBC1975,Fig1,0.00973137,0.0007,0.00025,0.001,0,0,7.6,28,4665.4
EllisonJBC1975,Fig1,0.008193371,0.0007,0.0002,0.001,0,0,7.6,28,4665.4
EllisonJBC1975,Fig1,0.052550325,0.0007,0.001,0.0007,0,0,7.6,28,4665.4
EllisonJBC1975,Fig1,0.026863658,0.0007,0.0005,0.0007,0,0,7.6,28,4665.4
EllisonJBC1975,Fig1,0.01840546,0.0007,0.000333333,0.0007,0,0,7.6,28,4665.4
EllisonJBC1975,Fig1,0.012906369,0.0007,0.00025,0.0007,0,0,7.6,28,4665.4
EllisonJBC1975,Fig1,0.010542657,0.0007,0.0002,0.0007,0,0,7.6,28,4665.4
EllisonJBC1975,Fig1,0.097749606,0.0007,0.001,0.00035,0,0,7.6,28,4665.4
EllisonJBC1975,Fig1,0.047574838,0.0007,0.0005,0.00035,0,0,7.6,28,4665.4
EllisonJBC1975,Fig1,0.035425353,0.0007,0.000333333,0.00035,0,0,7.6,28,4665.4
EllisonJBC1975,Fig1,0.023335424,0.0007,0.00025,0.00035,0,0,7.6,28,4665.4
EllisonJBC1975,Fig1,0.019438144,0.0007,0.0002,0.00035,0,0,7.6,28,4665.4
EllisonJBC1975,Fig1,0.393782092,0.0007,0.001,0.0001,0,0,7.6,28,4665.4
EllisonJBC1975,Fig1,0.177673857,0.0007,0.0005,0.0001,0,0,7.6,28,4665.4
EllisonJBC1975,Fig1,0.118380984,0.0007,0.000333333,0.0001,0,0,7.6,28,4665.4
EllisonJBC1975,Fig1,0.088760165,0.0007,0.00025,0.0001,0,0,7.6,28,4665.4
EllisonJBC1975,Fig1,0.068376388,0.0007,0.0002,0.0001,0,0,7.6,28,4665.4
EllisonJBC1975,Fig6,0.53587217,0.027,0.0015,5.00E-06,0,0,7.6,28,4665.4
EllisonJBC1975,Fig6,0.236530232,0.027,0.000425,5.00E-06,0,0,7.6,28,4665.4
EllisonJBC1975,Fig6,0.146049269,0.027,0.00025,5.00E-06,0,0,7.6,28,4665.4
EllisonJBC1975,Fig6,0.109699399,0.027,0.0001875,5.00E-06,0,0,7.6,28,4665.4
EllisonJBC1975,Fig6,0.078920074,0.027,0.00015,5.00E-06,0,0,7.6,28,4665.4
EllisonJBC1975,Fig6,0.575542879,0.027,0.0015,5.00E-06,0,1.85E-05,7.6,28,4665.4
EllisonJBC1975,Fig6,0.258126734,0.027,0.000425,5.00E-06,0,1.85E-05,7.6,28,4665.4
EllisonJBC1975,Fig6,0.151013882,0.027,0.00025,5.00E-06,0,1.85E-05,7.6,28,4665.4
EllisonJBC1975,Fig6,0.13730813,0.027,0.0001875,5.00E-06,0,1.85E-05,7.6,28,4665.4
EllisonJBC1975,Fig6,0.116455031,0.027,0.00015,5.00E-06,0,1.85E-05,7.6,28,4665.4
EllisonJBC1975,Fig6,0.609430771,0.027,0.0015,5.00E-06,0,7.47E-05,7.6,28,4665.4
EllisonJBC1975,Fig6,0.355505523,0.027,0.000425,5.00E-06,0,7.47E-05,7.6,28,4665.4
EllisonJBC1975,Fig6,0.199444361,0.027,0.00025,5.00E-06,0,7.47E-05,7.6,28,4665.4
EllisonJBC1975,Fig6,0.189065355,0.027,0.0001875,5.00E-06,0,7.47E-05,7.6,28,4665.4
EllisonJBC1975,Fig6,0.143283472,0.027,0.00015,5.00E-06,0,7.47E-05,7.6,28,4665.4
EllisonJBC1975,Fig6,0.661266859,0.027,0.0015,5.00E-06,0,0.00028,7.6,28,4665.4
EllisonJBC1975,Fig6,0.435059988,0.027,0.000425,5.00E-06,0,0.00028,7.6,28,4665.4
EllisonJBC1975,Fig6,0.338322673,0.027,0.00025,5.00E-06,0,0.00028,7.6,28,4665.4
EllisonJBC1975,Fig6,0.251850582,0.027,0.0001875,5.00E-06,0,0.00028,7.6,28,4665.4
EllisonJBC1975,Fig6,0.240999576,0.027,0.00015,5.00E-06,0,0.00028,7.6,28,4665.4
EllisonJBC1975,Fig6,0.81776932,0.027,0.0015,0,0,0,7.6,28,4665.4
EllisonJBC1975,Fig6,0.581541078,0.027,0.000425,0,0,0,7.6,28,4665.4
EllisonJBC1975,Fig6,0.471736115,0.027,0.00025,0,0,0,7.6,28,4665.4
EllisonJBC1975,Fig6,0.386417968,0.027,0.0001875,0,0,0,7.6,28,4665.4
EllisonJBC1975,Fig6,0.365718054,0.027,0.00015,0,0,0,7.6,28,4665.4
EllisonJBC1975,Fig8,0.443944354,5.00E-05,0.0015,0,0,0,7.7,28,5813.45
EllisonJBC1975,Fig8,0.279255319,5.00E-05,0.000425,0,0,0,7.7,28,5813.45
EllisonJBC1975,Fig8,0.203692115,5.00E-05,0.00025,0,0,0,7.7,28,5813.45
EllisonJBC1975,Fig8,0.175774922,5.00E-05,0.0001875,0,0,0,7.7,28,5813.45
EllisonJBC1975,Fig8,0.149257153,5.00E-05,0.00015,0,0,0,7.7,28,5813.45
EllisonBBRC1974,Fig3,0.262541682,2.80E-05,0.00025,5.00E-06,0,0,7.6,28,4665.4
EllisonBBRC1974,Fig3,0.448040193,2.80E-05,0.00025,5.00E-06,0,5.32E-05,7.6,28,4665.4
EllisonBBRC1974,Fig3,0.440485586,2.80E-05,0.00025,5.00E-06,0,6.50E-05,7.6,28,4665.4
EllisonBBRC1974,Fig3,0.42541337,2.80E-05,0.00025,5.00E-06,0,7.38E-05,7.6,28,4665.4
EllisonBBRC1974,Fig3,0.478021843,2.80E-05,0.00025,5.00E-06,0,0.000100541,7.6,28,4665.4
EllisonBBRC1974,Fig3,0.485598646,2.80E-05,0.00025,5.00E-06,0,7.99E-05,7.6,28,4665.4
EllisonBBRC1974,Fig3,0.505613544,2.80E-05,0.00025,5.00E-06,0,0.000100641,7.6,28,4665.4
EllisonBBRC1974,Fig3,0.528092382,2.80E-05,0.00025,5.00E-06,0,0.000139071,7.6,28,4665.4
EllisonBBRC1974,Fig3,0.590534421,2.80E-05,0.00025,5.00E-06,0,0.000245493,7.6,28,4665.4
EllisonBBRC1974,Fig3,0.620701052,2.80E-05,0.00025,5.00E-06,0,0.000219054,7.6,28,4665.4
EllisonBBRC1974,Fig3,0.768167558,2.80E-05,0.00025,5.00E-06,0,0.000429031,7.6,28,4665.4
EllisonBBRC1974,Fig3,0.702677039,2.80E-05,0.00025,5.00E-06,0,0.000537937,7.6,28,4665.4
EllisonBBRC1974,Fig3,0.775411397,2.80E-05,0.00025,5.00E-06,0,0.000541151,7.6,28,4665.4
EllisonBBRC1974,Fig3,0.80764981,2.80E-05,0.00025,5.00E-06,0,0.000688761,7.6,28,4665.4
EllisonBBRC1974,Fig3,0.869662694,2.80E-05,0.00025,5.00E-06,0,0.000966273,7.6,28,4665.4
EllisonBBRC1974,Fig3,0.863854304,2.80E-05,0.00025,5.00E-06,0,0.001281886,7.6,28,4665.4
EllisonBBRC1974,Fig3,0.891290622,2.80E-05,0.00025,5.00E-06,0,0.001343933,7.6,28,4665.4
EllisonBBRC1974,Fig3,1,2.80E-05,0.00025,0,0,0,7.6,28,4665.4
EllisonBBRC1974,Fig3,1,2.80E-05,0.00025,0,0,5.32E-05,7.6,28,4665.4
EllisonBBRC1974,Fig3,1,2.80E-05,0.00025,0,0,6.50E-05,7.6,28,4665.4
EllisonBBRC1974,Fig3,1,2.80E-05,0.00025,0,0,7.38E-05,7.6,28,4665.4
EllisonBBRC1974,Fig3,1,2.80E-05,0.00025,0,0,0.000100541,7.6,28,4665.4
EllisonBBRC1974,Fig3,1,2.80E-05,0.00025,0,0,7.99E-05,7.6,28,4665.4
EllisonBBRC1974,Fig3,1,2.80E-05,0.00025,0,0,0.000100641,7.6,28,4665.4
EllisonBBRC1974,Fig3,1,2.80E-05,0.00025,0,0,0.000139071,7.6,28,4665.4
EllisonBBRC1974,Fig3,1,2.80E-05,0.00025,0,0,0.000245493,7.6,28,4665.4
EllisonBBRC1974,Fig3,1,2.80E-05,0.00025,0,0,0.000219054,7.6,28,4665.4
EllisonBBRC1974,Fig3,1,2.80E-05,0.00025,0,0,0.000429031,7.6,28,4665.4
EllisonBBRC1974,Fig3,1,2.80E-05,0.00025,0,0,0.000537937,7.6,28,4665.4
EllisonBBRC1974,Fig3,1,2.80E-05,0.00025,0,0,0.000541151,7.6,28,4665.4
EllisonBBRC1974,Fig3,1,2.80E-05,0.00025,0,0,0.000688761,7.6,28,4665.4
EllisonBBRC1974,Fig3,1,2.80E-05,0.00025,0,0,0.000966273,7.6,28,4665.4
EllisonBBRC1974,Fig3,1,2.80E-05,0.00025,0,0,0.001281886,7.6,28,4665.4
EllisonBBRC1974,Fig3,1,2.80E-05,0.00025,0,0,0.001343933,7.6,28,4665.4
NingJBC1969,Fig5,0.074003795,0.005,0.005,0,0.012,0,7.6,28,4665.4
NingJBC1969,Fig5,0.043759235,0.005,0.0017,0,0.012,0,7.6,28,4665.4
NingJBC1969,Fig5,0.031815446,0.005,0.001,0,0.012,0,7.6,28,4665.4
NingJBC1969,Fig5,0.025333575,0.005,0.00071,0,0.012,0,7.6,28,4665.4
NingJBC1969,Fig5,0.022156546,0.005,0.00055,0,0.012,0,7.6,28,4665.4
NingJBC1969,Fig5,0.121764796,0.005,0.005,0,0.006,0,7.6,28,4665.4
NingJBC1969,Fig5,0.070428373,0.005,0.0017,0,0.006,0,7.6,28,4665.4
NingJBC1969,Fig5,0.054518788,0.005,0.001,0,0.006,0,7.6,28,4665.4
NingJBC1969,Fig5,0.048170571,0.005,0.00071,0,0.006,0,7.6,28,4665.4
NingJBC1969,Fig5,0.037694693,0.005,0.00055,0,0.006,0,7.6,28,4665.4
NingJBC1969,Fig5,0.776013918,0.005,0.005,0,0,0,7.6,28,4665.4
NingJBC1969,Fig5,0.456300748,0.005,0.0017,0,0,0,7.6,28,4665.4
NingJBC1969,Fig5,0.392121312,0.005,0.001,0,0,0,7.6,28,4665.4
NingJBC1969,Fig5,0.31968645,0.005,0.00071,0,0,0,7.6,28,4665.4
NingJBC1969,Fig5,0.278039659,0.005,0.00055,0,0,0,7.6,28,4665.4
NingJBC1969,Fig6,0.201964746,0.0001,0.015,0,0.012,0,7.6,28,4665.4
NingJBC1969,Fig6,0.159911789,3.33E-05,0.015,0,0.012,0,7.6,28,4665.4
NingJBC1969,Fig6,0.137143094,2.00E-05,0.015,0,0.012,0,7.6,28,4665.4
NingJBC1969,Fig6,0.118344989,1.42E-05,0.015,0,0.012,0,7.6,28,4665.4
NingJBC1969,Fig6,0.098891056,1.11E-05,0.015,0,0.012,0,7.6,28,4665.4
NingJBC1969,Fig6,0.266578187,0.0001,0.015,0,0.009,0,7.6,28,4665.4
NingJBC1969,Fig6,0.206726359,3.33E-05,0.015,0,0.009,0,7.6,28,4665.4
NingJBC1969,Fig6,0.158543505,2.00E-05,0.015,0,0.009,0,7.6,28,4665.4
NingJBC1969,Fig6,0.135251597,1.42E-05,0.015,0,0.009,0,7.6,28,4665.4
NingJBC1969,Fig6,0.118261507,1.11E-05,0.015,0,0.009,0,7.6,28,4665.4
NingJBC1969,Fig6,0.346378041,0.0001,0.015,0,0.006,0,7.6,28,4665.4
NingJBC1969,Fig6,0.264465487,3.33E-05,0.015,0,0.006,0,7.6,28,4665.4
NingJBC1969,Fig6,0.213885241,2.00E-05,0.015,0,0.006,0,7.6,28,4665.4
NingJBC1969,Fig6,0.186796013,1.42E-05,0.015,0,0.006,0,7.6,28,4665.4
NingJBC1969,Fig6,0.151891242,1.11E-05,0.015,0,0.006,0,7.6,28,4665.4
NingJBC1969,Fig6,0.488534374,0.0001,0.015,0,0.003,0,7.6,28,4665.4
NingJBC1969,Fig6,0.337252903,3.33E-05,0.015,0,0.003,0,7.6,28,4665.4
NingJBC1969,Fig6,0.262376155,2.00E-05,0.015,0,0.003,0,7.6,28,4665.4
NingJBC1969,Fig6,0.223946682,1.42E-05,0.015,0,0.003,0,7.6,28,4665.4
NingJBC1969,Fig6,0.190851606,1.11E-05,0.015,0,0.003,0,7.6,28,4665.4
NingJBC1969,Fig6,0.727263263,0.0001,0.015,0,0,0,7.6,28,4665.4
NingJBC1969,Fig6,0.498742612,3.33E-05,0.015,0,0,0,7.6,28,4665.4
NingJBC1969,Fig6,0.347797945,2.00E-05,0.015,0,0,0,7.6,28,4665.4
NingJBC1969,Fig6,0.283345577,1.42E-05,0.015,0,0,0,7.6,28,4665.4
NingJBC1969,Fig6,0.234993552,1.11E-05,0.015,0,0,0,7.6,28,4665.4
UretaArchBnB1985,Fig1,-0.222337226,0,0,3.61E-05,0.005,0,7,25,1217.51
UretaArchBnB1985,Fig1,-0.433705266,0,0,7.40E-05,0.005,0,7,25,1217.51
UretaArchBnB1985,Fig1,-0.684930957,0,0,0.000142315,0.005,0,7,25,1217.51
UretaArchBnB1985,Fig1,-1,0,0,0.000187856,0.005,0,7,25,1217.51
UretaArchBnB1985,Fig1,-0.612769437,0,0,0.0005,0.005,0,7,25,1217.51
UretaArchBnB1985,Fig1,-0.329073337,0,0,0.001,0.005,0,7,25,1217.51
UretaArchBnB1985,Fig1,-0.220369333,0,0,0.002,0.005,0,7,25,1217.51
UretaArchBnB1985,Fig2,-0.229712796,0,0,0.0025,0.016754386,0,7,25,1217.51
UretaArchBnB1985,Fig2,-0.142090376,0,0,0.0025,0.008377193,0,7,25,1217.51
UretaArchBnB1985,Fig2,-0.092501806,0,0,0.0025,0.00416122,0,7,25,1217.51
UretaArchBnB1985,Fig2,-0.042539419,0,0,0.0025,0.001671041,0,7,25,1217.51
UretaArchBnB1985,Fig2,-0.41765962,0,0,0.0001,0.016324786,0,7,25,1217.51
UretaArchBnB1985,Fig2,-0.265053207,0,0,0.0001,0.008268398,0,7,25,1217.51
UretaArchBnB1985,Fig2,-0.166057427,0,0,0.0001,0.004134199,0,7,25,1217.51
UretaArchBnB1985,Fig2,-0.080600977,0,0,0.0001,0.001666667,0,7,25,1217.51
SolheimBiochem1983,Fig1,-0.770992724,0,0,4.00E-05,0.003370659,0,6,28,375.545
SolheimBiochem1983,Fig1,-0.5075374,0,0,2.00E-05,0.001662872,0,6,28,375.545
SolheimBiochem1983,Fig1,-0.351916619,0,0,1.31E-05,0.001103952,0,6,28,375.545
SolheimBiochem1983,Fig1,-0.260981147,0,0,1.00E-05,0.000830073,0,6,28,375.545
SolheimBiochem1983,Fig1,-0.181981277,0,0,8.00E-06,0.000665412,0,6,28,375.545
SolheimBiochem1983,Fig1,-0.132399484,0,0,6.50E-06,0.000553726,0,6,28,375.545
SolheimBiochem1983,Fig1,-1,0,0,4.00E-05,0.003306122,0.002,6,28,375.545
SolheimBiochem1983,Fig1,-0.643311861,0,0,2.00E-05,0.001661569,0.002,6,28,375.545
SolheimBiochem1983,Fig1,-0.461187001,0,0,1.31E-05,0.001103023,0.002,6,28,375.545
SolheimBiochem1983,Fig1,-0.337792496,0,0,1.00E-05,0.000856517,0.002,6,28,375.545
SolheimBiochem1983,Fig1,-0.259640526,0,0,8.00E-06,0.000667006,0.002,6,28,375.545
SolheimBiochem1983,Fig1,-0.190206368,0,0,6.50E-06,0.000544714,0.002,6,28,375.545
SolheimBiochem1983,Fig2,0.570280588,0.0002,0.0024,0,0,0.002,6,28,375.545
SolheimBiochem1983,Fig2,0.4296647,0.0001,0.0012,0,0,0.002,6,28,375.545
SolheimBiochem1983,Fig2,0.260873621,5.00E-05,0.0006,0,0,0.002,6,28,375.545
SolheimBiochem1983,Fig2,0.196090055,3.20E-05,0.0004,0,0,0.002,6,28,375.545
SolheimBiochem1983,Fig2,0.149572469,2.50E-05,0.000313,0,0,0.002,6,28,375.545
SolheimBiochem1983,Fig2,0.125740497,2.00E-05,0.00025,0,0,0.002,6,28,375.545
SolheimBiochem1983,Fig2,0.619445967,0.0002,0.0024,0,0,0,6,28,375.545
SolheimBiochem1983,Fig2,0.474200404,0.0001,0.0012,0,0,0,6,28,375.545
SolheimBiochem1983,Fig2,0.275144834,5.00E-05,0.0006,0,0,0,6,28,375.545
SolheimBiochem1983,Fig2,0.189438321,3.20E-05,0.0004,0,0,0,6,28,375.545
SolheimBiochem1983,Fig2,0.149128979,2.50E-05,0.000313,0,0,0,6,28,375.545
SolheimBiochem1983,Fig2,0.124188129,2.00E-05,0.00025,0,0,0,6,28,375.545
SolheimBiochem1983,Fig3,-0.715317011,0,0,0.00015,0.001,0,6,28,375.545
SolheimBiochem1983,Fig3,-0.722003906,0,0,0.00011,0.001,0,6,28,375.545
SolheimBiochem1983,Fig3,-0.690850205,0,0,8.00E-05,0.001,0,6,28,375.545
SolheimBiochem1983,Fig3,-0.667905606,0,0,6.00E-05,0.001,0,6,28,375.545
SolheimBiochem1983,Fig3,-0.593510096,0,0,4.00E-05,0.001,0,6,28,375.545
SolheimBiochem1983,Fig3,-0.45600469,0,0,2.50E-05,0.001,0,6,28,375.545
SolheimBiochem1983,Fig3,-0.384462683,0,0,2.00E-05,0.001,0,6,28,375.545
SolheimBiochem1983,Fig3,-0.98662452,0,0,0.00015,0.001,0.002,6,28,375.545
SolheimBiochem1983,Fig3,-0.974909783,0,0,0.00011,0.001,0.002,6,28,375.545
SolheimBiochem1983,Fig3,-1,0,0,8.00E-05,0.001,0.002,6,28,375.545
SolheimBiochem1983,Fig3,-0.958336149,0,0,6.00E-05,0.001,0.002,6,28,375.545
SolheimBiochem1983,Fig3,-0.837948384,0,0,4.00E-05,0.001,0.002,6,28,375.545
SolheimBiochem1983,Fig3,-0.632217387,0,0,2.50E-05,0.001,0.002,6,28,375.545
SolheimBiochem1983,Fig3,-0.551479632,0,0,2.00E-05,0.001,0.002,6,28,375.545
SolheimBiochem1983,Fig4,-0.551818024,0,0,4.03E-05,0.00075,0,6,28,375.545
SolheimBiochem1983,Fig4,-0.505666297,0,0,2.51E-05,0.00075,0,6,28,375.545
SolheimBiochem1983,Fig4,-0.44863684,0,0,1.67E-05,0.00075,0,6,28,375.545
SolheimBiochem1983,Fig4,-0.381262492,0,0,1.25E-05,0.00075,0,6,28,375.545
SolheimBiochem1983,Fig4,-0.76969493,0,0,4.04E-05,0.00075,0.0005,6,28,375.545
SolheimBiochem1983,Fig4,-0.686106656,0,0,2.51E-05,0.00075,0.0005,6,28,375.545
SolheimBiochem1983,Fig4,-0.597629253,0,0,1.67E-05,0.00075,0.0005,6,28,375.545
SolheimBiochem1983,Fig4,-0.531372569,0,0,1.25E-05,0.00075,0.0005,6,28,375.545
SolheimBiochem1983,Fig4,-0.859208122,0,0,4.02E-05,0.00075,0.001,6,28,375.545
SolheimBiochem1983,Fig4,-0.7687956,0,0,2.52E-05,0.00075,0.001,6,28,375.545
SolheimBiochem1983,Fig4,-0.668821852,0,0,1.67E-05,0.00075,0.001,6,28,375.545
SolheimBiochem1983,Fig4,-0.567926681,0,0,1.25E-05,0.00075,0.001,6,28,375.545
SolheimBiochem1983,Fig4,-1,0,0,4.02E-05,0.00075,0.003,6,28,375.545
SolheimBiochem1983,Fig4,-0.852882923,0,0,2.52E-05,0.00075,0.003,6,28,375.545
SolheimBiochem1983,Fig4,-0.747153206,0,0,1.67E-05,0.00075,0.003,6,28,375.545
SolheimBiochem1983,Fig4,-0.637571446,0,0,1.25E-05,0.00075,0.003,6,28,375.545
SolheimBiochem1983,Fig5,-0.869796499,0,0,2.00E-05,0.00417305,0,6,28,375.545
SolheimBiochem1983,Fig5,-0.581164049,0,0,2.00E-05,0.001117466,0,6,28,375.545
SolheimBiochem1983,Fig5,-0.424019743,0,0,2.00E-05,0.000665298,0,6,28,375.545
SolheimBiochem1983,Fig5,-0.343291445,0,0,2.00E-05,0.000475473,0,6,28,375.545
SolheimBiochem1983,Fig5,-0.287697387,0,0,2.00E-05,0.000369922,0,6,28,375.545
SolheimBiochem1983,Fig5,-0.909250031,0,0,2.00E-05,0.004175647,0.00025,6,28,375.545
SolheimBiochem1983,Fig5,-0.633191424,0,0,2.00E-05,0.001108238,0.00025,6,28,375.545
SolheimBiochem1983,Fig5,-0.474170881,0,0,2.00E-05,0.000665628,0.00025,6,28,375.545
SolheimBiochem1983,Fig5,-0.393883835,0,0,2.00E-05,0.000475726,0.00025,6,28,375.545
SolheimBiochem1983,Fig5,-0.320682486,0,0,2.00E-05,0.000370068,0.00025,6,28,375.545
SolheimBiochem1983,Fig5,-0.967781286,0,0,2.00E-05,0.004179115,0.0005,6,28,375.545
SolheimBiochem1983,Fig5,-0.679696429,0,0,2.00E-05,0.001118397,0.0005,6,28,375.545
SolheimBiochem1983,Fig5,-0.523725534,0,0,2.00E-05,0.000665892,0.0005,6,28,375.545
SolheimBiochem1983,Fig5,-0.429009188,0,0,2.00E-05,0.000475867,0.0005,6,28,375.545
SolheimBiochem1983,Fig5,-0.371157534,0,0,2.00E-05,0.000369165,0.0005,6,28,375.545
SolheimBiochem1983,Fig5,-1,0,0,2.00E-05,0.004047605,0.002,6,28,375.545
SolheimBiochem1983,Fig5,-0.742651202,0,0,2.00E-05,0.001118863,0.002,6,28,375.545
SolheimBiochem1983,Fig5,-0.584846851,0,0,2.00E-05,0.000666156,0.002,6,28,375.545
SolheimBiochem1983,Fig5,-0.472871571,0,0,2.00E-05,0.000474235,0.002,6,28,375.545
SolheimBiochem1983,Fig5,-0.407639645,0,0,2.00E-05,0.000369263,0.002,6,28,375.545
Rijksen_BBA_1977,Fig1,0.285826852,0.01,0.005,0.0001,0,0,7.7,37,8451.31
Rijksen_BBA_1977,Fig1,0.172326383,0.01,0.0025,0.0001,0,0,7.7,37,8451.31
Rijksen_BBA_1977,Fig1,0.110478214,0.01,0.00166,0.0001,0,0,7.7,37,8451.31
Rijksen_BBA_1977,Fig1,0.379135916,0.01,0.005,7.00E-05,0,0,7.7,37,8451.31
Rijksen_BBA_1977,Fig1,0.225133842,0.01,0.0025,7.00E-05,0,0,7.7,37,8451.31
Rijksen_BBA_1977,Fig1,0.098023401,0.01,0.001,7.00E-05,0,0,7.7,37,8451.31
Rijksen_BBA_1977,Fig1,0.522100753,0.01,0.005,5.00E-05,0,0,7.7,37,8451.31
Rijksen_BBA_1977,Fig1,0.330576155,0.01,0.0025,5.00E-05,0,0,7.7,37,8451.31
Rijksen_BBA_1977,Fig1,0.277238756,0.01,0.00166,5.00E-05,0,0,7.7,37,8451.31
Rijksen_BBA_1977,Fig1,0.175819175,0.01,0.001,5.00E-05,0,0,7.7,37,8451.31
Rijksen_BBA_1977,Fig1,0.120751869,0.01,0.00066,5.00E-05,0,0,7.7,37,8451.31
Rijksen_BBA_1977,Fig1,0.621228364,0.01,0.005,3.00E-05,0,0,7.7,37,8451.31
Rijksen_BBA_1977,Fig1,0.453390963,0.01,0.0025,3.00E-05,0,0,7.7,37,8451.31
Rijksen_BBA_1977,Fig1,0.391938371,0.01,0.00166,3.00E-05,0,0,7.7,37,8451.31
Rijksen_BBA_1977,Fig1,0.281791119,0.01,0.001,3.00E-05,0,0,7.7,37,8451.31
Rijksen_BBA_1977,Fig1,0.206149922,0.01,0.00066,3.00E-05,0,0,7.7,37,8451.31
Rijksen_BBA_1977,Fig1,0.706591724,0.01,0.005,2.00E-05,0,0,7.7,37,8451.31
Rijksen_BBA_1977,Fig1,0.538111362,0.01,0.0025,2.00E-05,0,0,7.7,37,8451.31
Rijksen_BBA_1977,Fig1,0.468435165,0.01,0.00166,2.00E-05,0,0,7.7,37,8451.31
Rijksen_BBA_1977,Fig1,0.335657272,0.01,0.001,2.00E-05,0,0,7.7,37,8451.31
Rijksen_BBA_1977,Fig1,0.265429237,0.01,0.00066,2.00E-05,0,0,7.7,37,8451.31
Rijksen_BBA_1977,Fig1,0.199440112,0.01,0.0005,2.00E-05,0,0,7.7,37,8451.31
Rijksen_BBA_1977,Fig1,0.80090002,0.01,0.005,1.00E-05,0,0,7.7,37,8451.31
Rijksen_BBA_1977,Fig1,0.66788947,0.01,0.0025,1.00E-05,0,0,7.7,37,8451.31
Rijksen_BBA_1977,Fig1,0.59161365,0.01,0.00166,1.00E-05,0,0,7.7,37,8451.31
Rijksen_BBA_1977,Fig1,0.463017276,0.01,0.000996979,1.00E-05,0,0,7.7,37,8451.31
Rijksen_BBA_1977,Fig1,0.347401743,0.01,0.00066,1.00E-05,0,0,7.7,37,8451.31
Rijksen_BBA_1977,Fig1,0.276915636,0.01,0.0005,1.00E-05,0,0,7.7,37,8451.31
Rijksen_BBA_1977,Fig1,0.901141622,0.01,0.005,0,0,0,7.7,37,8451.31
Rijksen_BBA_1977,Fig1,0.743820928,0.01,0.0025,0,0,0,7.7,37,8451.31
Rijksen_BBA_1977,Fig1,0.668519014,0.01,0.00166,0,0,0,7.7,37,8451.31
Rijksen_BBA_1977,Fig1,0.5974978,0.01,0.001,0,0,0,7.7,37,8451.31
Rijksen_BBA_1977,Fig1,0.454962373,0.01,0.00066,0,0,0,7.7,37,8451.31
Rijksen_BBA_1977,Fig1,0.418595842,0.01,0.0005,0,0,0,7.7,37,8451.31
Rijksen_BBA_1977,Fig3,0.752293578,0.00016,0.01672596,5.00E-05,0,0,7.7,37,8451.31
Rijksen_BBA_1977,Fig3,0.488095238,0.00016,0.005,5.00E-05,0,0,7.7,37,8451.31
Rijksen_BBA_1977,Fig3,0.386792453,0.00016,0.0025,5.00E-05,0,0,7.7,37,8451.31
Rijksen_BBA_1977,Fig3,0.28975265,0.00016,0.00166,5.00E-05,0,0,7.7,37,8451.31
Rijksen_BBA_1977,Fig3,0.223433243,0.00016,0.001,5.00E-05,0,0,7.7,37,8451.31
Rijksen_BBA_1977,Fig3,0.143356643,0.00016,0.00066,5.00E-05,0,0,7.7,37,8451.31
Rijksen_BBA_1977,Fig3,0.11533052,0.00016,0.0005,5.00E-05,0,0,7.7,37,8451.31
Rijksen_BBA_1977,Fig3,0.656,0.00016,0.005,5.00E-05,0,0.001,7.7,37,8451.31
Rijksen_BBA_1977,Fig3,0.532467532,0.00016,0.0025,5.00E-05,0,0.001,7.7,37,8451.31
Rijksen_BBA_1977,Fig3,0.39047619,0.00016,0.00166,5.00E-05,0,0.001,7.7,37,8451.31
Rijksen_BBA_1977,Fig3,0.278911565,0.00016,0.001,5.00E-05,0,0.001,7.7,37,8451.31
Rijksen_BBA_1977,Fig3,0.215223097,0.00016,0.00066,5.00E-05,0,0.001,7.7,37,8451.31
Rijksen_BBA_1977,Fig3,0.166666667,0.00016,0.0005,5.00E-05,0,0.001,7.7,37,8451.31
Rijksen_BBA_1977,Fig3,0.656,0.00016,0.005,5.00E-05,0,0.005,7.7,37,8451.31
Rijksen_BBA_1977,Fig3,0.581560284,0.00016,0.0025,5.00E-05,0,0.005,7.7,37,8451.31
Rijksen_BBA_1977,Fig3,0.503067485,0.00016,0.00166,5.00E-05,0,0.005,7.7,37,8451.31
Rijksen_BBA_1977,Fig3,0.340248963,0.00016,0.001,5.00E-05,0,0.005,7.7,37,8451.31
Rijksen_BBA_1977,Fig3,0.272425249,0.00016,0.00066,5.00E-05,0,0.005,7.7,37,8451.31
Rijksen_BBA_1977,Fig3,0.215789474,0.00016,0.0005,5.00E-05,0,0.005,7.7,37,8451.31
Rijksen_BBA_1977,Fig3,0.872340426,0.00016,0.005,0,0,0,7.7,37,8451.31
Rijksen_BBA_1977,Fig3,0.845360825,0.00016,0.0025,0,0,0,7.7,37,8451.31
Rijksen_BBA_1977,Fig3,0.759259259,0.00016,0.00166,0,0,0,7.7,37,8451.31
Rijksen_BBA_1977,Fig3,0.661290323,0.00016,0.001,0,0,0,7.7,37,8451.31
Rijksen_BBA_1977,Fig3,0.518987342,0.00016,0.00066,0,0,0,7.7,37,8451.31
Rijksen_BBA_1977,Fig3,0.463276836,0.00016,0.0005,0,0,0,7.7,37,8451.31
Rijksen_BBA_1977,Fig6,0.101365437,0.01,0.0005,5.00E-05,0,0,7.7,37,8451.31
Rijksen_BBA_1977,Fig6,0.141107176,0.01,0.0005,5.00E-05,0,0.000164,7.7,37,8451.31
Rijksen_BBA_1977,Fig6,0.198730209,0.01,0.0005,5.00E-05,0,0.000416,7.7,37,8451.31
Rijksen_BBA_1977,Fig6,0.286169295,0.01,0.0005,5.00E-05,0,0.000632,7.7,37,8451.31
Rijksen_BBA_1977,Fig6,0.280179727,0.01,0.0005,5.00E-05,0,0.00104,7.7,37,8451.31
Rijksen_BBA_1977,Fig6,0.36955796,0.01,0.0005,5.00E-05,0,0.00198,7.7,37,8451.31
Rijksen_BBA_1977,Fig6,0.431037769,0.01,0.0005,5.00E-05,0,0.00402,7.7,37,8451.31
Rijksen_BBA_1977,Fig6,0.452766427,0.01,0.0005,5.00E-05,0,0.00606,7.7,37,8451.31
Rijksen_BBA_1977,Fig6,0.519090067,0.01,0.0005,5.00E-05,0,0.00998,7.7,37,8451.31
Rijksen_BBA_1977,Fig6,0.530676533,0.01,0.0005,5.00E-05,0,0.0151,7.7,37,8451.31
Rijksen_BBA_1977,Fig6,1,0.01,0.0005,0,0,0,7.7,37,8451.31
Rijksen_BBA_1977,Fig6,1,0.01,0.0005,0,0,0.000164,7.7,37,8451.31
Rijksen_BBA_1977,Fig6,1,0.01,0.0005,0,0,0.000416,7.7,37,8451.31
Rijksen_BBA_1977,Fig6,1,0.01,0.0005,0,0,0.000632,7.7,37,8451.31
Rijksen_BBA_1977,Fig6,1,0.01,0.0005,0,0,0.00104,7.7,37,8451.31
Rijksen_BBA_1977,Fig6,1,0.01,0.0005,0,0,0.00198,7.7,37,8451.31
Rijksen_BBA_1977,Fig6,1,0.01,0.0005,0,0,0.00402,7.7,37,8451.31
Rijksen_BBA_1977,Fig6,1,0.01,0.0005,0,0,0.00606,7.7,37,8451.31
Rijksen_BBA_1977,Fig6,1,0.01,0.0005,0,0,0.00998,7.7,37,8451.31
Rijksen_BBA_1977,Fig6,1,0.01,0.0005,0,0,0.0151,7.7,37,8451.31
Rijksen_BBA_1977,Fig7,0.469130732,0.01,0.005,0,0.005,0,7.7,37,8451.31
Rijksen_BBA_1977,Fig7,0.34506994,0.01,0.0025,0,0.005,0,7.7,37,8451.31
Rijksen_BBA_1977,Fig7,0.261719728,0.01,0.00166,0,0.005,0,7.7,37,8451.31
Rijksen_BBA_1977,Fig7,0.169700511,0.01,0.001,0,0.005,0,7.7,37,8451.31
Rijksen_BBA_1977,Fig7,0.876999928,0.01,0.005,0,0,0,7.7,37,8451.31
Rijksen_BBA_1977,Fig7,0.735919395,0.01,0.0025,0,0,0,7.7,37,8451.31
Rijksen_BBA_1977,Fig7,0.663206459,0.01,0.00166,0,0,0,7.7,37,8451.31
Rijksen_BBA_1977,Fig7,0.530768135,0.01,0.001,0,0,0,7.7,37,8451.31
Rijksen_BBA_1977,Fig7,0.463712187,0.01,0.00066,0,0,0,7.7,37,8451.31
Solheim_ArchBiochBioph_1981,Fig1,-0.215859031,0,0,6.60E-05,0.0002,0,6,23,373.885
Solheim_ArchBiochBioph_1981,Fig1,-0.210300429,0,0,3.97E-05,0.0002,0,6,23,373.885
Solheim_ArchBiochBioph_1981,Fig1,-0.165540541,0,0,2.50E-05,0.0002,0,6,23,373.885
Solheim_ArchBiochBioph_1981,Fig1,-0.128947368,0,0,1.66E-05,0.0002,0,6,23,373.885
Solheim_ArchBiochBioph_1981,Fig1,-0.10745614,0,0,1.25E-05,0.0002,0,6,23,373.885
Solheim_ArchBiochBioph_1981,Fig1,-0.247474747,0,0,6.60E-05,0.00025,0,6,23,373.885
Solheim_ArchBiochBioph_1981,Fig1,-0.25,0,0,4.01E-05,0.00025,0,6,23,373.885
Solheim_ArchBiochBioph_1981,Fig1,-0.185606061,0,0,2.51E-05,0.00025,0,6,23,373.885
Solheim_ArchBiochBioph_1981,Fig1,-0.158576052,0,0,1.67E-05,0.00025,0,6,23,373.885
Solheim_ArchBiochBioph_1981,Fig1,-0.133152174,0,0,1.25E-05,0.00025,0,6,23,373.885
Solheim_ArchBiochBioph_1981,Fig1,-0.314102564,0,0,6.65E-05,0.00033,0,6,23,373.885
Solheim_ArchBiochBioph_1981,Fig1,-0.304347826,0,0,4.01E-05,0.00033,0,6,23,373.885
Solheim_ArchBiochBioph_1981,Fig1,-0.260638298,0,0,2.49E-05,0.00033,0,6,23,373.885
Solheim_ArchBiochBioph_1981,Fig1,-0.204166667,0,0,1.66E-05,0.00033,0,6,23,373.885
Solheim_ArchBiochBioph_1981,Fig1,-0.168965517,0,0,1.25E-05,0.00033,0,6,23,373.885
Solheim_ArchBiochBioph_1981,Fig1,-0.433628319,0,0,6.70E-05,0.0005,0,6,23,373.885
Solheim_ArchBiochBioph_1981,Fig1,-0.429824561,0,0,3.99E-05,0.0005,0,6,23,373.885
Solheim_ArchBiochBioph_1981,Fig1,-0.34751773,0,0,2.50E-05,0.0005,0,6,23,373.885
Solheim_ArchBiochBioph_1981,Fig1,-0.272222222,0,0,1.66E-05,0.0005,0,6,23,373.885
Solheim_ArchBiochBioph_1981,Fig1,-0.228971963,0,0,1.25E-05,0.0005,0,6,23,373.885
Solheim_ArchBiochBioph_1981,Fig1,-0.6125,0,0,6.65E-05,0.001,0,6,23,373.885
Solheim_ArchBiochBioph_1981,Fig1,-0.620253165,0,0,4.01E-05,0.001,0,6,23,373.885
Solheim_ArchBiochBioph_1981,Fig1,-0.544444444,0,0,2.49E-05,0.001,0,6,23,373.885
Solheim_ArchBiochBioph_1981,Fig1,-0.418803419,0,0,1.67E-05,0.001,0,6,23,373.885
Solheim_ArchBiochBioph_1981,Fig1,-0.352517986,0,0,1.25E-05,0.001,0,6,23,373.885
Solheim_ArchBiochBioph_1981,Fig2,-0.251342064,0,0,1.25E-05,0.00101,0,6,23,373.885
Solheim_ArchBiochBioph_1981,Fig2,-0.167108132,0,0,1.25E-05,0.000504,0,6,23,373.885
Solheim_ArchBiochBioph_1981,Fig2,-0.124738028,0,0,1.25E-05,0.000334,0,6,23,373.885
Solheim_ArchBiochBioph_1981,Fig2,-0.097927938,0,0,1.25E-05,0.00025,0,6,23,373.885
Solheim_ArchBiochBioph_1981,Fig2,-0.078885058,0,0,1.25E-05,0.0002,0,6,23,373.885
Solheim_ArchBiochBioph_1981,Fig2,-0.313013007,0,0,1.67E-05,0.00102,0,6,23,373.885
Solheim_ArchBiochBioph_1981,Fig2,-0.20173023,0,0,1.67E-05,0.000501,0,6,23,373.885
Solheim_ArchBiochBioph_1981,Fig2,-0.152503587,0,0,1.67E-05,0.000334,0,6,23,373.885
Solheim_ArchBiochBioph_1981,Fig2,-0.117154464,0,0,1.67E-05,0.00025,0,6,23,373.885
Solheim_ArchBiochBioph_1981,Fig2,-0.096346302,0,0,1.67E-05,0.0002,0,6,23,373.885
Solheim_ArchBiochBioph_1981,Fig2,-0.396972997,0,0,2.50E-05,0.00101,0,6,23,373.885
Solheim_ArchBiochBioph_1981,Fig2,-0.252717013,0,0,2.50E-05,0.000503,0,6,23,373.885
Solheim_ArchBiochBioph_1981,Fig2,-0.190119199,0,0,2.50E-05,0.000333,0,6,23,373.885
Solheim_ArchBiochBioph_1981,Fig2,-0.138671114,0,0,2.50E-05,0.000251,0,6,23,373.885
Solheim_ArchBiochBioph_1981,Fig2,-0.122913554,0,0,2.50E-05,0.0002,0,6,23,373.885
Solheim_ArchBiochBioph_1981,Fig2,-0.461313884,0,0,4.00E-05,0.001,0,6,23,373.885
Solheim_ArchBiochBioph_1981,Fig2,-0.309865574,0,0,4.00E-05,0.000503,0,6,23,373.885
Solheim_ArchBiochBioph_1981,Fig2,-0.223417087,0,0,4.00E-05,0.000335,0,6,23,373.885
Solheim_ArchBiochBioph_1981,Fig2,-0.180652327,0,0,4.00E-05,0.000251,0,6,23,373.885
Solheim_ArchBiochBioph_1981,Fig2,-0.154156824,0,0,4.00E-05,0.000201,0,6,23,373.885
Solheim_ArchBiochBioph_1981,Fig3,-0.088267231,0,0,3.40E-06,0.004,0,6,23,373.885
Solheim_ArchBiochBioph_1981,Fig3,-0.140858853,0,0,6.25E-06,0.004,0,6,23,373.885
Solheim_ArchBiochBioph_1981,Fig3,-0.187818247,0,0,9.10E-06,0.004,0,6,23,373.885
Solheim_ArchBiochBioph_1981,Fig3,-0.268585506,0,0,1.37E-05,0.004,0,6,23,373.885
Solheim_ArchBiochBioph_1981,Fig3,-0.370013932,0,0,1.94E-05,0.004,0,6,23,373.885
Solheim_ArchBiochBioph_1981,Fig3,-0.477108413,0,0,2.91E-05,0.004,0,6,23,373.885
Solheim_ArchBiochBioph_1981,Fig3,-0.616210668,0,0,4.98E-05,0.004,0,6,23,373.885
Solheim_ArchBiochBioph_1981,Fig3,-0.648286097,0,0,6.89E-05,0.004,0,6,23,373.885
Solheim_ArchBiochBioph_1981,Fig3,-0.650337475,0,0,8.98E-05,0.004,0,6,23,373.885
Solheim_ArchBiochBioph_1981,Fig3,-0.656225823,0,0,0.000120467,0.004,0,6,23,373.885
Solheim_ArchBiochBioph_1981,Fig3,-0.658344855,0,0,0.000149423,0.004,0,6,23,373.885
Solheim_ArchBiochBioph_1981,Fig3,-0.581791498,0,0,0.000199876,0.004,0,6,23,373.885
Solheim_ArchBiochBioph_1981,Fig3,-0.540899252,0,0,0.00024914,0.004,0,6,23,373.885
Solheim_ArchBiochBioph_1981,Fig3,-0.516918188,0,0,0.000300126,0.004,0,6,23,373.885
Solheim_ArchBiochBioph_1981,Fig3,-0.506064491,0,0,0.000349364,0.004,0,6,23,373.885
Solheim_ArchBiochBioph_1981,Fig3,-0.48582858,0,0,0.000399189,0.004,0,6,23,373.885
Solheim_ArchBiochBioph_1981,Fig3,-0.448710483,0,0,0.000450766,0.004,0,6,23,373.885
