[NADP] (uM),[G6P] (uM),[NADPH] (uM),[PGLn] (uM),[ATP] (uM),Rate_V,V_fig_i,Specific_Activity,Article,Fig,X_axis_label,Experiment_date,pH,Temperature,Apparent_Keq,NADP raw,G6P raw,NADPH raw,PGLn raw,Rate V raw,Notes
1,200,0,0,0,15.33,1,161,Wang2002,1A,NADP,,8,25,43.743,1,200,0,0,0.0652,
1.401,200,0,0,0,19.94,1,161,Wang2002,1A,NADP,,8,25,43.743,0.714,200,0,0,0.0502,
2.004,200,0,0,0,27.16,1,161,Wang2002,1A,NADP,,8,25,43.743,0.499,200,0,0,0.0368,
3.493,200,0,0,0,43.86,1,161,Wang2002,1A,NADP,,8,25,43.743,0.2863,200,0,0,0.0228,
5.028,200,0,0,0,52.8,1,161,Wang2002,1A,NADP,,8,25,43.743,0.1989,200,0,0,0.0189,
10,200,0,0,0,77.04,1,161,Wang2002,1A,NADP,,8,25,43.743,0.1,200,0,0,0.013,
25.562,200,0,0,0,95.06,1,161,Wang2002,1A,NADP,,8,25,43.743,0.0391,200,0,0,0.0105,
51.099,200,0,0,0,101.83,1,161,Wang2002,1A,NADP,,8,25,43.743,0.0196,200,0,0,0.0098,
72.359,200,0,0,0,105.61,1,161,Wang2002,1A,NADP,,8,25,43.743,0.0138,200,0,0,0.0095,
1,100,0,0,0,12.9,1,161,Wang2002,1A,NADP,,8,25,43.743,1,100,0,0,0.0775,
1.401,100,0,0,0,17.6,1,161,Wang2002,1A,NADP,,8,25,43.743,0.714,100,0,0,0.0568,
2.004,100,0,0,0,22.45,1,161,Wang2002,1A,NADP,,8,25,43.743,0.499,100,0,0,0.0445,
3.506,100,0,0,0,34.35,1,161,Wang2002,1A,NADP,,8,25,43.743,0.2852,100,0,0,0.0291,
5.028,100,0,0,0,43.86,1,161,Wang2002,1A,NADP,,8,25,43.743,0.1989,100,0,0,0.0228,
10.111,100,0,0,0,63.37,1,161,Wang2002,1A,NADP,,8,25,43.743,0.0989,100,0,0,0.0158,
25.562,100,0,0,0,79.18,1,161,Wang2002,1A,NADP,,8,25,43.743,0.0391,100,0,0,0.0126,
51.073,100,0,0,0,89.13,1,161,Wang2002,1A,NADP,,8,25,43.743,0.0196,100,0,0,0.0112,
78.864,100,0,0,0,95.06,1,161,Wang2002,1A,NADP,,8,25,43.743,0.0127,100,0,0,0.0105,
1,60,0,0,0,10.48,1,161,Wang2002,1A,NADP,,8,25,43.743,1,60,0,0,0.0954,
1.401,60,0,0,0,14.19,1,161,Wang2002,1A,NADP,,8,25,43.743,0.714,60,0,0,0.0705,
1.999,60,0,0,0,18.05,1,161,Wang2002,1A,NADP,,8,25,43.743,0.5002,60,0,0,0.0554,
3.493,60,0,0,0,28.23,1,161,Wang2002,1A,NADP,,8,25,43.743,0.2863,60,0,0,0.0354,
5.028,60,0,0,0,35.2,1,161,Wang2002,1A,NADP,,8,25,43.743,0.1989,60,0,0,0.0284,
10.109,60,0,0,0,50.03,1,161,Wang2002,1A,NADP,,8,25,43.743,0.0989,60,0,0,0.02,
25.556,60,0,0,0,62,1,161,Wang2002,1A,NADP,,8,25,43.743,0.0391,60,0,0,0.0161,
51.046,60,0,0,0,66.31,1,161,Wang2002,1A,NADP,,8,25,43.743,0.0196,60,0,0,0.0151,
86.655,60,0,0,0,71.28,1,161,Wang2002,1A,NADP,,8,25,43.743,0.0115,60,0,0,0.014,
1,40,0,0,0,8.49,1,161,Wang2002,1A,NADP,,8,25,43.743,1,40,0,0,0.1178,
1.4,40,0,0,0,11.69,1,161,Wang2002,1A,NADP,,8,25,43.743,0.7141,40,0,0,0.0856,
2.004,40,0,0,0,15.5,1,161,Wang2002,1A,NADP,,8,25,43.743,0.4991,40,0,0,0.0645,
3.493,40,0,0,0,23.18,1,161,Wang2002,1A,NADP,,8,25,43.743,0.2863,40,0,0,0.0431,
5.025,40,0,0,0,28.23,1,161,Wang2002,1A,NADP,,8,25,43.743,0.199,40,0,0,0.0354,
9.99,40,0,0,0,40.16,1,161,Wang2002,1A,NADP,,8,25,43.743,0.1001,40,0,0,0.0249,
24.82,40,0,0,0,52.8,1,161,Wang2002,1A,NADP,,8,25,43.743,0.0403,40,0,0,0.0189,
51.02,40,0,0,0,58.21,1,161,Wang2002,1A,NADP,,8,25,43.743,0.0196,40,0,0,0.0172,
96.154,40,0,0,0,62,1,161,Wang2002,1A,NADP,,8,25,43.743,0.0104,40,0,0,0.0161,
1,25,0,0,0,7.13,1,161,Wang2002,1A,NADP,,8,25,43.743,1,25,0,0,0.1403,
1.4,25,0,0,0,9.2,1,161,Wang2002,1A,NADP,,8,25,43.743,0.7142,25,0,0,0.1087,
2.004,25,0,0,0,11.96,1,161,Wang2002,1A,NADP,,8,25,43.743,0.4991,25,0,0,0.0836,
3.506,25,0,0,0,18.4,1,161,Wang2002,1A,NADP,,8,25,43.743,0.2852,25,0,0,0.0544,
5.025,25,0,0,0,21.77,1,161,Wang2002,1A,NADP,,8,25,43.743,0.199,25,0,0,0.0459,
10.106,25,0,0,0,32.4,1,161,Wang2002,1A,NADP,,8,25,43.743,0.099,25,0,0,0.0309,
25.17,25,0,0,0,41.93,1,161,Wang2002,1A,NADP,,8,25,43.743,0.0397,25,0,0,0.0239,
50.994,25,0,0,0,45.27,1,161,Wang2002,1A,NADP,,8,25,43.743,0.0196,25,0,0,0.0221,
78.678,25,0,0,0,47.53,1,161,Wang2002,1A,NADP,,8,25,43.743,0.0127,25,0,0,0.021,
0.999,20,0,0,0,5.57,1,161,Wang2002,1A,NADP,,8,25,43.743,1.001,20,0,0,0.1796,
1.4,20,0,0,0,7.96,1,161,Wang2002,1A,NADP,,8,25,43.743,0.7142,20,0,0,0.1256,
2.003,20,0,0,0,10.22,1,161,Wang2002,1A,NADP,,8,25,43.743,0.4992,20,0,0,0.0979,
3.505,20,0,0,0,15.67,1,161,Wang2002,1A,NADP,,8,25,43.743,0.2853,20,0,0,0.0638,
5.025,20,0,0,0,19.01,1,161,Wang2002,1A,NADP,,8,25,43.743,0.199,20,0,0,0.0526,
10.104,20,0,0,0,27.16,1,161,Wang2002,1A,NADP,,8,25,43.743,0.099,20,0,0,0.0368,
25.523,20,0,0,0,32.78,1,161,Wang2002,1A,NADP,,8,25,43.743,0.0392,20,0,0,0.0305,
50.942,20,0,0,0,38.02,1,161,Wang2002,1A,NADP,,8,25,43.743,0.0196,20,0,0,0.0263,
86.43,20,0,0,0,40.73,1,161,Wang2002,1A,NADP,,8,25,43.743,0.0116,20,0,0,0.0246,
0.999,15,0,0,0,4.68,1,161,Wang2002,1A,NADP,,8,25,43.743,1.001,15,0,0,0.2136,
1.4,15,0,0,0,5.81,1,161,Wang2002,1A,NADP,,8,25,43.743,0.7144,15,0,0,0.1722,
2.003,15,0,0,0,8.2,1,161,Wang2002,1A,NADP,,8,25,43.743,0.4993,15,0,0,0.122,
3.49,15,0,0,0,12.56,1,161,Wang2002,1A,NADP,,8,25,43.743,0.2865,15,0,0,0.0796,
5.023,15,0,0,0,15.41,1,161,Wang2002,1A,NADP,,8,25,43.743,0.1991,15,0,0,0.0649,
10.1,15,0,0,0,21.12,1,161,Wang2002,1A,NADP,,8,25,43.743,0.099,15,0,0,0.0473,
25.51,15,0,0,0,26.9,1,161,Wang2002,1A,NADP,,8,25,43.743,0.0392,15,0,0,0.0372,
48.077,15,0,0,0,30.33,1,161,Wang2002,1A,NADP,,8,25,43.743,0.0208,15,0,0,0.033,
71.942,15,0,0,0,32.04,1,161,Wang2002,1A,NADP,,8,25,43.743,0.0139,15,0,0,0.0312,
0.999,12,0,0,0,3.68,1,161,Wang2002,1A,NADP,,8,25,43.743,1.001,12,0,0,0.2721,
1.4,12,0,0,0,4.81,1,161,Wang2002,1A,NADP,,8,25,43.743,0.7145,12,0,0,0.208,
2.002,12,0,0,0,6.42,1,161,Wang2002,1A,NADP,,8,25,43.743,0.4994,12,0,0,0.1557,
3.504,12,0,0,0,10.15,1,161,Wang2002,1A,NADP,,8,25,43.743,0.2854,12,0,0,0.0986,
5.023,12,0,0,0,12.9,1,161,Wang2002,1A,NADP,,8,25,43.743,0.1991,12,0,0,0.0775,
9.98,12,0,0,0,17.82,1,161,Wang2002,1A,NADP,,8,25,43.743,0.1002,12,0,0,0.0561,
25.497,12,0,0,0,22.99,1,161,Wang2002,1A,NADP,,8,25,43.743,0.0392,12,0,0,0.0435,
50.839,12,0,0,0,24.58,1,161,Wang2002,1A,NADP,,8,25,43.743,0.0197,12,0,0,0.0407,
71.839,12,0,0,0,25.69,1,161,Wang2002,1A,NADP,,8,25,43.743,0.0139,12,0,0,0.0389,
0.999,10,0,0,0,3.13,1,161,Wang2002,1A,NADP,,8,25,43.743,1.001,10,0,0,0.3191,
1.399,10,0,0,0,4.2,1,161,Wang2002,1A,NADP,,8,25,43.743,0.7146,10,0,0,0.2381,
1.998,10,0,0,0,5.5,1,161,Wang2002,1A,NADP,,8,25,43.743,0.5006,10,0,0,0.1817,
3.504,10,0,0,0,8.77,1,161,Wang2002,1A,NADP,,8,25,43.743,0.2854,10,0,0,0.114,
5.051,10,0,0,0,10.41,1,161,Wang2002,1A,NADP,,8,25,43.743,0.198,10,0,0,0.0961,
10.094,10,0,0,0,14.77,1,161,Wang2002,1A,NADP,,8,25,43.743,0.0991,10,0,0,0.0677,
25.478,10,0,0,0,19.14,1,161,Wang2002,1A,NADP,,8,25,43.743,0.0393,10,0,0,0.0523,
50.761,10,0,0,0,20.66,1,161,Wang2002,1A,NADP,,8,25,43.743,0.0197,10,0,0,0.0484,
81.833,10,0,0,0,21.85,1,161,Wang2002,1A,NADP,,8,25,43.743,0.0122,10,0,0,0.0458,
2.001,60,0,0,0,18.59,2,161,Wang2002,3A,NADP,,8,25,43.743,0.4997,60,0,0,0.0538,
3.504,60,0,0,0,27.57,2,161,Wang2002,3A,NADP,,8,25,43.743,0.2854,60,0,0,0.0363,
5.016,60,0,0,0,35.35,2,161,Wang2002,3A,NADP,,8,25,43.743,0.1993,60,0,0,0.0283,
10.031,60,0,0,0,50.11,2,161,Wang2002,3A,NADP,,8,25,43.743,0.0997,60,0,0,0.02,
20.282,60,0,0,0,59.72,2,161,Wang2002,3A,NADP,,8,25,43.743,0.0493,60,0,0,0.0167,
30.15,60,0,0,0,65.48,2,161,Wang2002,3A,NADP,,8,25,43.743,0.0332,60,0,0,0.0153,
50.348,60,0,0,0,70.27,2,161,Wang2002,3A,NADP,,8,25,43.743,0.0199,60,0,0,0.0142,
2,60,2.5,0,0,14.41,2,161,Wang2002,3A,NADP,,8,25,43.743,0.5001,60,2.5,0,0.0694,
3.504,60,2.5,0,0,24.95,2,161,Wang2002,3A,NADP,,8,25,43.743,0.2854,60,2.5,0,0.0401,
5.009,60,2.5,0,0,29.78,2,161,Wang2002,3A,NADP,,8,25,43.743,0.1996,60,2.5,0,0.0336,
10.087,60,2.5,0,0,42.69,2,161,Wang2002,3A,NADP,,8,25,43.743,0.0991,60,2.5,0,0.0234,
20.165,60,2.5,0,0,57.05,2,161,Wang2002,3A,NADP,,8,25,43.743,0.0496,60,2.5,0,0.0175,
30.407,60,2.5,0,0,61.96,2,161,Wang2002,3A,NADP,,8,25,43.743,0.0329,60,2.5,0,0.0161,
50.344,60,2.5,0,0,67.79,2,161,Wang2002,3A,NADP,,8,25,43.743,0.0199,60,2.5,0,0.0148,
2,60,5,0,0,11.83,2,161,Wang2002,3A,NADP,,8,25,43.743,0.5001,60,5,0,0.0845,
3.496,60,5,0,0,18.65,2,161,Wang2002,3A,NADP,,8,25,43.743,0.286,60,5,0,0.0536,
5.001,60,5,0,0,23.14,2,161,Wang2002,3A,NADP,,8,25,43.743,0.2,60,5,0,0.0432,
10.028,60,5,0,0,36.24,2,161,Wang2002,3A,NADP,,8,25,43.743,0.0997,60,5,0,0.0276,
20.047,60,5,0,0,49.25,2,161,Wang2002,3A,NADP,,8,25,43.743,0.0499,60,5,0,0.0203,
30.404,60,5,0,0,58.8,2,161,Wang2002,3A,NADP,,8,25,43.743,0.0329,60,5,0,0.017,
50.339,60,5,0,0,65.48,2,161,Wang2002,3A,NADP,,8,25,43.743,0.0199,60,5,0,0.0153,
1.999,60,10,0,0,9.8,2,161,Wang2002,3A,NADP,,8,25,43.743,0.5002,60,10,0,0.102,
3.496,60,10,0,0,15.25,2,161,Wang2002,3A,NADP,,8,25,43.743,0.2861,60,10,0,0.0656,
5.015,60,10,0,0,20.96,2,161,Wang2002,3A,NADP,,8,25,43.743,0.1994,60,10,0,0.0477,
10.084,60,10,0,0,32.93,2,161,Wang2002,3A,NADP,,8,25,43.743,0.0992,60,10,0,0.0304,
20.045,60,10,0,0,46.1,2,161,Wang2002,3A,NADP,,8,25,43.743,0.0499,60,10,0,0.0217,
30.4,60,10,0,0,54.36,2,161,Wang2002,3A,NADP,,8,25,43.743,0.0329,60,10,0,0.0184,
51.809,60,10,0,0,62.64,2,161,Wang2002,3A,NADP,,8,25,43.743,0.0193,60,10,0,0.016,
1.999,60,15,0,0,7.69,2,161,Wang2002,3A,NADP,,8,25,43.743,0.5003,60,15,0,0.13,
3.502,60,15,0,0,12.31,2,161,Wang2002,3A,NADP,,8,25,43.743,0.2856,60,15,0,0.0812,
5.014,60,15,0,0,17.31,2,161,Wang2002,3A,NADP,,8,25,43.743,0.1994,60,15,0,0.0578,
10.024,60,15,0,0,25.9,2,161,Wang2002,3A,NADP,,8,25,43.743,0.0998,60,15,0,0.0386,
20.155,60,15,0,0,40.87,2,161,Wang2002,3A,NADP,,8,25,43.743,0.0496,60,15,0,0.0245,
30.39,60,15,0,0,47.23,2,161,Wang2002,3A,NADP,,8,25,43.743,0.0329,60,15,0,0.0212,
51.792,60,15,0,0,56.5,2,161,Wang2002,3A,NADP,,8,25,43.743,0.0193,60,15,0,0.0177,
1.999,60,20,0,0,6.52,2,161,Wang2002,3A,NADP,,8,25,43.743,0.5004,60,20,0,0.1534,
3.501,60,20,0,0,11.23,2,161,Wang2002,3A,NADP,,8,25,43.743,0.2856,60,20,0,0.089,
4.999,60,20,0,0,14.7,2,161,Wang2002,3A,NADP,,8,25,43.743,0.2001,60,20,0,0.068,
10.024,60,20,0,0,24.84,2,161,Wang2002,3A,NADP,,8,25,43.743,0.0998,60,20,0,0.0403,
20.039,60,20,0,0,39.2,2,161,Wang2002,3A,NADP,,8,25,43.743,0.0499,60,20,0,0.0255,
30.388,60,20,0,0,45.37,2,161,Wang2002,3A,NADP,,8,25,43.743,0.0329,60,20,0,0.022,
50.292,60,20,0,0,48.84,2,161,Wang2002,3A,NADP,,8,25,43.743,0.0199,60,20,0,0.0205,
10,20,0,0,0,26.18,3,161,Wang2002,4,G6P,,8,25,43.743,10,0.05,0,0,0.0382,
10,25,0,0,0,29.85,3,161,Wang2002,4,G6P,,8,25,43.743,10,0.04,0,0,0.0335,
10,40,0,0,0,40.96,3,161,Wang2002,4,G6P,,8,25,43.743,10,0.025,0,0,0.0244,
10,60,0,0,0,49.44,3,161,Wang2002,4,G6P,,8,25,43.743,10,0.0167,0,0,0.0202,
10,100,0,0,0,60.06,3,161,Wang2002,4,G6P,,8,25,43.743,10,0.0101,0,0,0.0166,
10,150,0,0,0,67.99,3,161,Wang2002,4,G6P,,8,25,43.743,10,0.0068,0,0,0.0147,
10,20,5,0,0,23.82,3,161,Wang2002,4,G6P,,8,25,43.743,10,0.05,5,0,0.042,
10,25,5,0,0,27.27,3,161,Wang2002,4,G6P,,8,25,43.743,10,0.04,5,0,0.0367,
10,40,5,0,0,37.51,3,161,Wang2002,4,G6P,,8,25,43.743,10,0.025,5,0,0.0267,
10,60,5,0,0,45.32,3,161,Wang2002,4,G6P,,8,25,43.743,10,0.0167,5,0,0.0221,
10,100,5,0,0,55,3,161,Wang2002,4,G6P,,8,25,43.743,10,0.0099,5,0,0.0182,
10,150,5,0,0,62.36,3,161,Wang2002,4,G6P,,8,25,43.743,10,0.0065,5,0,0.016,
10,20,10,0,0,18.44,3,161,Wang2002,4,G6P,,8,25,43.743,10,0.05,10,0,0.0542,
10,25,10,0,0,22.25,3,161,Wang2002,4,G6P,,8,25,43.743,10,0.04,10,0,0.0449,
10,40,10,0,0,29.22,3,161,Wang2002,4,G6P,,8,25,43.743,10,0.025,10,0,0.0342,
10,60,10,0,0,36.39,3,161,Wang2002,4,G6P,,8,25,43.743,10,0.0167,10,0,0.0275,
10,100,10,0,0,44.7,3,161,Wang2002,4,G6P,,8,25,43.743,10,0.0099,10,0,0.0224,
10,150,10,0,0,50.73,3,161,Wang2002,4,G6P,,8,25,43.743,10,0.0068,10,0,0.0197,
10,20,15,0,0,13.32,3,161,Wang2002,4,G6P,,8,25,43.743,10,0.05,15,0,0.0751,
10,25,15,0,0,15.49,3,161,Wang2002,4,G6P,,8,25,43.743,10,0.04,15,0,0.0646,
10,40,15,0,0,20.57,3,161,Wang2002,4,G6P,,8,25,43.743,10,0.0249,15,0,0.0486,
10,60,15,0,0,28.05,3,161,Wang2002,4,G6P,,8,25,43.743,10,0.0167,15,0,0.0356,
10,100,15,0,0,33.99,3,161,Wang2002,4,G6P,,8,25,43.743,10,0.0099,15,0,0.0294,
10,150,15,0,0,40.62,3,161,Wang2002,4,G6P,,8,25,43.743,10,0.0065,15,0,0.0246,
10,20,20,0,0,11.5,3,161,Wang2002,4,G6P,,8,25,43.743,10,0.05,20,0,0.0869,
10,25,20,0,0,13.34,3,161,Wang2002,4,G6P,,8,25,43.743,10,0.04,20,0,0.075,
10,40,20,0,0,19.12,3,161,Wang2002,4,G6P,,8,25,43.743,10,0.0249,20,0,0.0523,
10,60,20,0,0,23.82,3,161,Wang2002,4,G6P,,8,25,43.743,10,0.0167,20,0,0.042,
10,100,20,0,0,30.98,3,161,Wang2002,4,G6P,,8,25,43.743,10,0.0099,20,0,0.0323,
10,150,20,0,0,37.22,3,161,Wang2002,4,G6P,,8,25,43.743,10,0.0066,20,0,0.0269,
9.872,40,0,0,0,3.7,4,10,Kosow1974,1A,NADP,,8,25,43.743,0.1013,40,0,0,0.2702,
8.306,40,0,0,0,3.38,4,10,Kosow1974,1A,NADP,,8,25,43.743,0.1204,40,0,0,0.2957,
6.215,40,0,0,0,3.03,4,10,Kosow1974,1A,NADP,,8,25,43.743,0.1609,40,0,0,0.3301,
4.011,40,0,0,0,2.48,4,10,Kosow1974,1A,NADP,,8,25,43.743,0.2493,40,0,0,0.4039,
1.994,40,0,0,0,1.51,4,10,Kosow1974,1A,NADP,,8,25,43.743,0.5015,40,0,0,0.6604,
1,40,0,0,0,0.98,4,10,Kosow1974,1A,NADP,,8,25,43.743,1.0004,40,0,0,1.0224,
9.747,20,0,0,0,3.09,4,10,Kosow1974,1A,NADP,,8,25,43.743,0.1026,20,0,0,0.3239,
8.258,20,0,0,0,2.9,4,10,Kosow1974,1A,NADP,,8,25,43.743,0.1211,20,0,0,0.3443,
6.192,20,0,0,0,2.51,4,10,Kosow1974,1A,NADP,,8,25,43.743,0.1615,20,0,0,0.3988,
3.97,20,0,0,0,1.91,4,10,Kosow1974,1A,NADP,,8,25,43.743,0.2519,20,0,0,0.5246,
2,20,0,0,0,1.31,4,10,Kosow1974,1A,NADP,,8,25,43.743,0.5,20,0,0,0.7642,
0.999,20,0,0,0,0.76,4,10,Kosow1974,1A,NADP,,8,25,43.743,1.0015,20,0,0,1.314,
10.604,10,0,0,0,2.65,4,10,Kosow1974,1A,NADP,,8,25,43.743,0.0943,10,0,0,0.3773,
8.313,10,0,0,0,2.47,4,10,Kosow1974,1A,NADP,,8,25,43.743,0.1203,10,0,0,0.4047,
6.246,10,0,0,0,2.23,4,10,Kosow1974,1A,NADP,,8,25,43.743,0.1601,10,0,0,0.449,
3.971,10,0,0,0,1.49,4,10,Kosow1974,1A,NADP,,8,25,43.743,0.2518,10,0,0,0.6721,
1.995,10,0,0,0,1.08,4,10,Kosow1974,1A,NADP,,8,25,43.743,0.5012,10,0,0,0.9252,
1,10,0,0,0,0.57,4,10,Kosow1974,1A,NADP,,8,25,43.743,0.9998,10,0,0,1.7413,
9.766,6,0,0,0,1.78,4,10,Kosow1974,1A,NADP,,8,25,43.743,0.1024,6,0,0,0.5618,
8.23,6,0,0,0,1.56,4,10,Kosow1974,1A,NADP,,8,25,43.743,0.1215,6,0,0,0.6427,
6.18,6,0,0,0,1.28,4,10,Kosow1974,1A,NADP,,8,25,43.743,0.1618,6,0,0,0.7843,
3.975,6,0,0,0,1.09,4,10,Kosow1974,1A,NADP,,8,25,43.743,0.2516,6,0,0,0.9201,
1.998,6,0,0,0,0.65,4,10,Kosow1974,1A,NADP,,8,25,43.743,0.5006,6,0,0,1.5453,
1,6,0,0,0,0.4,4,10,Kosow1974,1A,NADP,,8,25,43.743,1.0005,6,0,0,2.4939,
9.728,4,0,0,0,1.19,4,10,Kosow1974,1A,NADP,,8,25,43.743,0.1028,4,0,0,0.8434,
8.11,4,0,0,0,1.13,4,10,Kosow1974,1A,NADP,,8,25,43.743,0.1233,4,0,0,0.8874,
6.131,4,0,0,0,1.06,4,10,Kosow1974,1A,NADP,,8,25,43.743,0.1631,4,0,0,0.9452,
3.979,4,0,0,0,0.81,4,10,Kosow1974,1A,NADP,,8,25,43.743,0.2513,4,0,0,1.2319,
1.994,4,0,0,0,0.48,4,10,Kosow1974,1A,NADP,,8,25,43.743,0.5015,4,0,0,2.0883,
0.999,4,0,0,0,0.32,4,10,Kosow1974,1A,NADP,,8,25,43.743,1.0013,4,0,0,3.1207,
10,40,0,0,0,3.65,5,10,Kosow1974,1B,G6P,,8,25,43.743,10,0.025,0,0,0.2737,
10,20.08,0,0,0,2.99,5,10,Kosow1974,1B,G6P,,8,25,43.743,10,0.0498,0,0,0.3346,
10,10.06,0,0,0,3,5,10,Kosow1974,1B,G6P,,8,25,43.743,10,0.0994,0,0,0.3329,
10,6.079,0,0,0,1.81,5,10,Kosow1974,1B,G6P,,8,25,43.743,10,0.1645,0,0,0.5524,
10,3.995,0,0,0,1.17,5,10,Kosow1974,1B,G6P,,8,25,43.743,10,0.2503,0,0,0.8564,
6,39.683,0,0,0,2.98,5,10,Kosow1974,1B,G6P,,8,25,43.743,6,0.0252,0,0,0.3355,
6,20.08,0,0,0,2.46,5,10,Kosow1974,1B,G6P,,8,25,43.743,6,0.0498,0,0,0.4067,
6,10.03,0,0,0,2.08,5,10,Kosow1974,1B,G6P,,8,25,43.743,6,0.0997,0,0,0.4805,
6,6.075,0,0,0,1.25,5,10,Kosow1974,1B,G6P,,8,25,43.743,6,0.1646,0,0,0.803,
6,4.006,0,0,0,1.05,5,10,Kosow1974,1B,G6P,,8,25,43.743,6,0.2496,0,0,0.9525,
4,40.816,0,0,0,2.5,5,10,Kosow1974,1B,G6P,,8,25,43.743,4,0.0245,0,0,0.4007,
4,20.243,0,0,0,1.9,5,10,Kosow1974,1B,G6P,,8,25,43.743,4,0.0494,0,0,0.5268,
4,10.081,0,0,0,1.47,5,10,Kosow1974,1B,G6P,,8,25,43.743,4,0.0992,0,0,0.6796,
4,6.09,0,0,0,1.08,5,10,Kosow1974,1B,G6P,,8,25,43.743,4,0.1642,0,0,0.9231,
4,3.997,0,0,0,0.8,5,10,Kosow1974,1B,G6P,,8,25,43.743,4,0.2502,0,0,1.2546,
2,39.841,0,0,0,1.5,5,10,Kosow1974,1B,G6P,,8,25,43.743,2,0.0251,0,0,0.6685,
2,20.202,0,0,0,1.29,5,10,Kosow1974,1B,G6P,,8,25,43.743,2,0.0495,0,0,0.7774,
2,10.091,0,0,0,1.08,5,10,Kosow1974,1B,G6P,,8,25,43.743,2,0.0991,0,0,0.9301,
2,6.068,0,0,0,0.65,5,10,Kosow1974,1B,G6P,,8,25,43.743,2,0.1648,0,0,1.5496,
2,3.99,0,0,0,0.48,5,10,Kosow1974,1B,G6P,,8,25,43.743,2,0.2506,0,0,2.0956,
1,40.65,0,0,0,0.98,5,10,Kosow1974,1B,G6P,,8,25,43.743,1,0.0246,0,0,1.022,
1,20.284,0,0,0,0.82,5,10,Kosow1974,1B,G6P,,8,25,43.743,1,0.0493,0,0,1.2219,
1,9.99,0,0,0,0.57,5,10,Kosow1974,1B,G6P,,8,25,43.743,1,0.1001,0,0,1.754,
1,6.061,0,0,0,0.4,5,10,Kosow1974,1B,G6P,,8,25,43.743,1,0.165,0,0,2.5038,
1,3.975,0,0,0,0.32,5,10,Kosow1974,1B,G6P,,8,25,43.743,1,0.2516,0,0,3.1598,
78.125,20,0,0,0,2.56,6,10,Kosow1974,2A,NADP,,8,25,43.743,0.0128,20,0,0,0.3908,
39.526,20,0,0,0,2.28,6,10,Kosow1974,2A,NADP,,8,25,43.743,0.0253,20,0,0,0.4393,
29.94,20,0,0,0,2.16,6,10,Kosow1974,2A,NADP,,8,25,43.743,0.0334,20,0,0,0.4625,
19.841,20,0,0,0,2.1,6,10,Kosow1974,2A,NADP,,8,25,43.743,0.0504,20,0,0,0.4757,
13.947,20,0,0,0,1.99,6,10,Kosow1974,2A,NADP,,8,25,43.743,0.0717,20,0,0,0.5035,
77.519,20,12,0,0,1.85,6,10,Kosow1974,2A,NADP,,8,25,43.743,0.0129,20,12,0,0.5412,
39.063,20,12,0,0,1.44,6,10,Kosow1974,2A,NADP,,8,25,43.743,0.0256,20,12,0,0.6971,
29.851,20,12,0,0,1.32,6,10,Kosow1974,2A,NADP,,8,25,43.743,0.0335,20,12,0,0.7569,
19.92,20,12,0,0,1.05,6,10,Kosow1974,2A,NADP,,8,25,43.743,0.0502,20,12,0,0.9496,
15.924,20,12,0,0,0.87,6,10,Kosow1974,2A,NADP,,8,25,43.743,0.0628,20,12,0,1.1462,
76.923,20,20,0,0,1.43,6,10,Kosow1974,2A,NADP,,8,25,43.743,0.013,20,20,0,0.7019,
39.216,20,20,0,0,1.07,6,10,Kosow1974,2A,NADP,,8,25,43.743,0.0255,20,20,0,0.9362,
30.12,20,20,0,0,0.95,6,10,Kosow1974,2A,NADP,,8,25,43.743,0.0332,20,20,0,1.0513,
19.92,20,20,0,0,0.7,6,10,Kosow1974,2A,NADP,,8,25,43.743,0.0502,20,20,0,1.4245,
16,20,20,0,0,0.59,6,10,Kosow1974,2A,NADP,,8,25,43.743,0.0625,20,20,0,1.7015,
77.519,20,30,0,0,1.34,6,10,Kosow1974,2A,NADP,,8,25,43.743,0.0129,20,30,0,0.7458,
39.216,20,30,0,0,0.88,6,10,Kosow1974,2A,NADP,,8,25,43.743,0.0255,20,30,0,1.1387,
30.12,20,30,0,0,0.72,6,10,Kosow1974,2A,NADP,,8,25,43.743,0.0332,20,30,0,1.3895,
19.96,20,30,0,0,0.54,6,10,Kosow1974,2A,NADP,,8,25,43.743,0.0501,20,30,0,1.8493,
16,20,30,0,0,0.48,6,10,Kosow1974,2A,NADP,,8,25,43.743,0.0625,20,30,0,2.0899,
20,84.034,0,0,0,2.22,7,10,Kosow1974,2B,G6P,,8,25,43.743,20,0.0119,0,0,0.4499,
20,40.161,0,0,0,1.95,7,10,Kosow1974,2B,G6P,,8,25,43.743,20,0.0249,0,0,0.5133,
20,20,0,0,0,1.56,7,10,Kosow1974,2B,G6P,,8,25,43.743,20,0.05,0,0,0.6401,
20,16.103,0,0,0,1.21,7,10,Kosow1974,2B,G6P,,8,25,43.743,20,0.0621,0,0,0.8263,
20,12.048,0,0,0,1.1,7,10,Kosow1974,2B,G6P,,8,25,43.743,20,0.083,0,0,0.9126,
20,40.486,12,0,0,0.92,7,10,Kosow1974,2B,G6P,,8,25,43.743,20,0.0247,12,0,1.089,
20,20.121,12,0,0,0.63,7,10,Kosow1974,2B,G6P,,8,25,43.743,20,0.0497,12,0,1.5984,
20,16.234,12,0,0,0.58,7,10,Kosow1974,2B,G6P,,8,25,43.743,20,0.0616,12,0,1.7362,
20,11.962,12,0,0,0.46,7,10,Kosow1974,2B,G6P,,8,25,43.743,20,0.0836,12,0,2.1889,
20,91.743,24,0,0,1.07,7,10,Kosow1974,2B,G6P,,8,25,43.743,20,0.0109,24,0,0.939,
20,40,24,0,0,0.76,7,10,Kosow1974,2B,G6P,,8,25,43.743,20,0.025,24,0,1.3105,
20,20.08,24,0,0,0.52,7,10,Kosow1974,2B,G6P,,8,25,43.743,20,0.0498,24,0,1.9205,
20,16.077,24,0,0,0.48,7,10,Kosow1974,2B,G6P,,8,25,43.743,20,0.0622,24,0,2.0946,
20,12.034,24,0,0,0.39,7,10,Kosow1974,2B,G6P,,8,25,43.743,20,0.0831,24,0,2.5955,
20,91.743,36,0,0,0.72,7,10,Kosow1974,2B,G6P,,8,25,43.743,20,0.0109,36,0,1.3939,
20,40.486,36,0,0,0.56,7,10,Kosow1974,2B,G6P,,8,25,43.743,20,0.0247,36,0,1.7976,
20,20.161,36,0,0,0.36,7,10,Kosow1974,2B,G6P,,8,25,43.743,20,0.0496,36,0,2.8142,
20,16.155,36,0,0,0.32,7,10,Kosow1974,2B,G6P,,8,25,43.743,20,0.0619,36,0,3.1011,
20,12.019,36,0,0,0.28,7,10,Kosow1974,2B,G6P,,8,25,43.743,20,0.0832,36,0,3.594,
200,500,0,0,0,1.17,8,130,Ozer2002,6,NADP,,7.4,37,21.7328,5.03089,500,0,0,0.85434,
50,500,0,0,0,1.01,8,130,Ozer2002,6,NADP,,7.4,37,21.7328,19.95959,500,0,0,0.9867,
25,500,0,0,0,0.87,8,130,Ozer2002,6,NADP,,7.4,37,21.7328,39.84915,500,0,0,1.14364,
10,500,0,0,0,0.6,8,130,Ozer2002,6,NADP,,7.4,37,21.7328,99.9292,500,0,0,1.67757,
100,500,10,0,0,0.99,8,130,Ozer2002,6,NADP,,7.4,37,21.7328,10.03033,500,10,0,1.00969,
50,500,10,0,0,0.98,8,130,Ozer2002,6,NADP,,7.4,37,21.7328,20.06032,500,10,0,1.02277,
25,500,10,0,0,0.82,8,130,Ozer2002,6,NADP,,7.4,37,21.7328,39.89339,500,10,0,1.2203,
10,500,10,0,0,0.46,8,130,Ozer2002,6,NADP,,7.4,37,21.7328,99.87736,500,10,0,2.17362,
200,500,20,0,0,1.09,8,130,Ozer2002,6,NADP,,7.4,37,21.7328,5.02406,500,20,0,0.91973,
100,500,20,0,0,1.04,8,130,Ozer2002,6,NADP,,7.4,37,21.7328,9.98327,500,20,0,0.96009,
50,500,20,0,0,0.95,8,130,Ozer2002,6,NADP,,7.4,37,21.7328,20.05702,500,20,0,1.05434,
25,500,20,0,0,0.75,8,130,Ozer2002,6,NADP,,7.4,37,21.7328,39.93432,500,20,0,1.32853,
10,500,20,0,0,0.44,8,130,Ozer2002,6,NADP,,7.4,37,21.7328,99.91948,500,20,0,2.27058,
50,500,40,0,0,0.85,8,130,Ozer2002,6,NADP,,7.4,37,21.7328,20.04382,500,40,0,1.18061,
25,500,40,0,0,0.67,8,130,Ozer2002,6,NADP,,7.4,37,21.7328,39.91736,500,40,0,1.49087,
10,500,40,0,0,0.38,8,130,Ozer2002,6,NADP,,7.4,37,21.7328,99.93662,500,40,0,2.60654,
200,500,80,0,0,1.01,8,130,Ozer2002,6,NADP,,7.4,37,21.7328,5.01699,500,80,0,0.98737,
100,500,80,0,0,0.92,8,130,Ozer2002,6,NADP,,7.4,37,21.7328,9.91783,500,80,0,1.08636,
50,500,80,0,0,0.75,8,130,Ozer2002,6,NADP,,7.4,37,21.7328,20.0278,500,80,0,1.33393,
25,500,80,0,0,0.54,8,130,Ozer2002,6,NADP,,7.4,37,21.7328,39.826,500,80,0,1.86517,
10,500,80,0,0,0.32,8,130,Ozer2002,6,NADP,,7.4,37,21.7328,99.87866,500,80,0,3.16122,
200,500,160,0,0,0.87,8,130,Ozer2002,6,NADP,,7.4,37,21.7328,4.99956,500,160,0,1.15423,
100,500,160,0,0,0.65,8,130,Ozer2002,6,NADP,,7.4,37,21.7328,10.0797,500,160,0,1.53731,
50,500,160,0,0,0.64,8,130,Ozer2002,6,NADP,,7.4,37,21.7328,20.00283,500,160,0,1.57294,
25,500,160,0,0,0.45,8,130,Ozer2002,6,NADP,,7.4,37,21.7328,39.89327,500,160,0,2.22143,
10,500,160,0,0,0.29,8,130,Ozer2002,6,NADP,,7.4,37,21.7328,99.84944,500,160,0,3.44082,
10,50,0,0,0,23.41,9,51.25,Ulusu2012,3,G6P,,8,37,87.2347,0.01,0.5036,0,0,0.45687,raw substrate values in mM. Rate in figure is already normalized to mg protein so the value is multiplied by the specific activity for use in the model code. X-axis of figure appears to have typos; as stated in the caption; G6P concentrations range from 0.05 - 0.4 mM.
10,100,0,0,0,33.27,9,51.25,Ulusu2012,3,G6P,,8,37,87.2347,0.01,0.99191,0,0,0.64924,
10,150,0,0,0,39.44,9,51.25,Ulusu2012,3,G6P,,8,37,87.2347,0.01,1.4962,0,0,0.76947,
10,200,0,0,0,44.72,9,51.25,Ulusu2012,3,G6P,,8,37,87.2347,0.01,1.98943,0,0,0.87252,
10,400,0,0,0,52.99,9,51.25,Ulusu2012,3,G6P,,8,37,87.2347,0.01,4.00465,0,0,1.03397,
12.5,50,0,0,0,26.41,9,51.25,Ulusu2012,3,G6P,,8,37,87.2347,0.0125,0.50395,0,0,0.51527,
12.5,100,0,0,0,37.85,9,51.25,Ulusu2012,3,G6P,,8,37,87.2347,0.0125,0.99245,0,0,0.73855,
12.5,150,0,0,0,44.54,9,51.25,Ulusu2012,3,G6P,,8,37,87.2347,0.0125,1.50228,0,0,0.86908,
12.5,200,0,0,0,51.23,9,51.25,Ulusu2012,3,G6P,,8,37,87.2347,0.0125,1.99568,0,0,0.99962,
12.5,400,0,0,0,61.09,9,51.25,Ulusu2012,3,G6P,,8,37,87.2347,0.0125,4.00561,0,0,1.19198,
20,50,0,0,0,31.69,9,51.25,Ulusu2012,3,G6P,,8,37,87.2347,0.02,0.50458,0,0,0.61832,
20,100,0,0,0,43.13,9,51.25,Ulusu2012,3,G6P,,8,37,87.2347,0.02,0.99034,0,0,0.8416,
20,150,0,0,0,51.41,9,51.25,Ulusu2012,3,G6P,,8,37,87.2347,0.02,1.49762,0,0,1.00305,
20,200,0,0,0,59.86,9,51.25,Ulusu2012,3,G6P,,8,37,87.2347,0.02,1.99123,0,0,1.16794,
20,400,0,0,0,69.63,9,51.25,Ulusu2012,3,G6P,,8,37,87.2347,0.02,4.00388,0,0,1.35859,
25,50,0,0,0,33.45,9,51.25,Ulusu2012,3,G6P,,8,37,87.2347,0.025,0.513,0,0,0.65267,
25,100,0,0,0,47.36,9,51.25,Ulusu2012,3,G6P,,8,37,87.2347,0.025,0.99631,0,0,0.92405,
25,150,0,0,0,57.22,9,51.25,Ulusu2012,3,G6P,,8,37,87.2347,0.025,1.50378,0,0,1.11641,
25,200,0,0,0,65.49,9,51.25,Ulusu2012,3,G6P,,8,37,87.2347,0.025,1.99737,0,0,1.27786,
25,400,0,0,0,73.59,9,51.25,Ulusu2012,3,G6P,,8,37,87.2347,0.025,4.00983,0,0,1.43588,
50,50,0,0,0,37.85,9,51.25,Ulusu2012,3,G6P,,8,37,87.2347,0.05,0.50258,0,0,0.73855,
50,100,0,0,0,52.99,9,51.25,Ulusu2012,3,G6P,,8,37,87.2347,0.05,0.99425,0,0,1.03397,
50,150,0,0,0,64.61,9,51.25,Ulusu2012,3,G6P,,8,37,87.2347,0.05,1.49918,0,0,1.26069,
50,200,0,0,0,71.12,9,51.25,Ulusu2012,3,G6P,,8,37,87.2347,0.05,1.99257,0,0,1.38779,
50,400,0,0,0,82.74,9,51.25,Ulusu2012,3,G6P,,8,37,87.2347,0.05,4.00544,0,0,1.6145,
100,50,0,0,0,43.04,9,51.25,Ulusu2012,3,G6P,,8,37,87.2347,0.1,0.50593,0,0,0.83989,
100,100,0,0,0,57.57,9,51.25,Ulusu2012,3,G6P,,8,37,87.2347,0.1,1.00026,0,0,1.12328,
100,150,0,0,0,67.43,9,51.25,Ulusu2012,3,G6P,,8,37,87.2347,0.1,1.50499,0,0,1.31565,
100,200,0,0,0,77.29,9,51.25,Ulusu2012,3,G6P,,8,37,87.2347,0.1,1.99877,0,0,1.50802,
100,400,0,0,0,87.14,9,51.25,Ulusu2012,3,G6P,,8,37,87.2347,0.1,4.01144,0,0,1.70038,
100,400,0,0,0,86.74,10,51.25,Ulusu2012,4,NADP,,8,37,87.2347,1.02746,0.4,0,0,0.59083,raw substrate values in mM. Rate in figure is already normalized to mg protein so the value is multiplied by the specific activity for use in the model code. X-axis appears to be labeled 10 fold higher than actual values as in figure 3.
50,400,0,0,0,81.57,10,51.25,Ulusu2012,4,NADP,,8,37,87.2347,2.04969,0.4,0,0,0.62831,
25,400,0,0,0,73.57,10,51.25,Ulusu2012,4,NADP,,8,37,87.2347,4.0473,0.4,0,0,0.69665,
20,400,0,0,0,69.6,10,51.25,Ulusu2012,4,NADP,,8,37,87.2347,5.00385,0.4,0,0,0.73633,
12.5,400,0,0,0,60.86,10,51.25,Ulusu2012,4,NADP,,8,37,87.2347,8.00494,0.4,0,0,0.84215,
10,400,0,0,0,52.48,10,51.25,Ulusu2012,4,NADP,,8,37,87.2347,10.01143,0.4,0,0,0.97663,
100,200,0,0,0,77.75,10,51.25,Ulusu2012,4,NADP,,8,37,87.2347,1.02695,0.2,0,0,0.65917,
50,200,0,0,0,71.53,10,51.25,Ulusu2012,4,NADP,,8,37,87.2347,2.04903,0.2,0,0,0.71649,
25,200,0,0,0,67.38,10,51.25,Ulusu2012,4,NADP,,8,37,87.2347,4.03744,0.2,0,0,0.76058,
20,200,0,0,0,59.91,10,51.25,Ulusu2012,4,NADP,,8,37,87.2347,5.00296,0.2,0,0,0.85538,
12.5,200,0,0,0,51.89,10,51.25,Ulusu2012,4,NADP,,8,37,87.2347,8.01323,0.2,0,0,0.98765,
10,200,0,0,0,45.14,10,51.25,Ulusu2012,4,NADP,,8,37,87.2347,10.01024,0.2,0,0,1.13536,
100,150,0,0,0,66.8,10,51.25,Ulusu2012,4,NADP,,8,37,87.2347,1.00738,0.15,0,0,0.7672,
50,150,0,0,0,63,10,51.25,Ulusu2012,4,NADP,,8,37,87.2347,2.05768,0.15,0,0,0.81349,
25,150,0,0,0,57.97,10,51.25,Ulusu2012,4,NADP,,8,37,87.2347,4.03652,0.15,0,0,0.88404,
20,150,0,0,0,50.76,10,51.25,Ulusu2012,4,NADP,,8,37,87.2347,4.98304,0.15,0,0,1.0097,
12.5,150,0,0,0,44.45,10,51.25,Ulusu2012,4,NADP,,8,37,87.2347,7.99322,0.15,0,0,1.153,
10,150,0,0,0,39.27,10,51.25,Ulusu2012,4,NADP,,8,37,87.2347,9.98082,0.15,0,0,1.30511,
100,100,0,0,0,58.12,10,51.25,Ulusu2012,4,NADP,,8,37,87.2347,1.00652,0.1,0,0,0.88183,
50,100,0,0,0,52.24,10,51.25,Ulusu2012,4,NADP,,8,37,87.2347,2.04705,0.1,0,0,0.98104,
25,100,0,0,0,47.83,10,51.25,Ulusu2012,4,NADP,,8,37,87.2347,4.04449,0.1,0,0,1.07143,
20,100,0,0,0,42.42,10,51.25,Ulusu2012,4,NADP,,8,37,87.2347,4.98155,0.1,0,0,1.20811,
12.5,100,0,0,0,37.99,10,51.25,Ulusu2012,4,NADP,,8,37,87.2347,7.98237,0.1,0,0,1.34921,
10,100,0,0,0,33.02,10,51.25,Ulusu2012,4,NADP,,8,37,87.2347,9.96959,0.1,0,0,1.55203,
100,50,0,0,0,42.27,10,51.25,Ulusu2012,4,NADP,,8,37,87.2347,0.98527,0.05,0,0,1.21252,
50,50,0,0,0,37.86,10,51.25,Ulusu2012,4,NADP,,8,37,87.2347,2.05363,0.05,0,0,1.35362,
25,50,0,0,0,34.29,10,51.25,Ulusu2012,4,NADP,,8,37,87.2347,4.03193,0.05,0,0,1.49471,
20,50,0,0,0,31.41,10,51.25,Ulusu2012,4,NADP,,8,37,87.2347,4.97838,0.05,0,0,1.63139,
12.5,50,0,0,0,26.42,10,51.25,Ulusu2012,4,NADP,,8,37,87.2347,7.98732,0.05,0,0,1.94004,
10,50,0,0,0,23.06,10,51.25,Ulusu2012,4,NADP,,8,37,87.2347,9.95518,0.05,0,0,2.22222,
200,400,0,0,0,209.89,11,51.25,Ulusu2012,6,G6P,,8,37,87.2347,0.2,2.51843,0,0,0.24418,raw substrate values in mM. Rate raw in figure is already normalized to mg protein so the value is multiplied by the specific activity for use in the model code.
200,200,0,0,0,193.82,11,51.25,Ulusu2012,6,G6P,,8,37,87.2347,0.2,5.03686,0,0,0.26442,
200,150,0,0,0,188.07,11,51.25,Ulusu2012,6,G6P,,8,37,87.2347,0.2,6.71069,0,0,0.27251,
200,100,0,0,0,175.88,11,51.25,Ulusu2012,6,G6P,,8,37,87.2347,0.2,9.98157,0,0,0.2914,
200,50,0,0,0,139.92,11,51.25,Ulusu2012,6,G6P,,8,37,87.2347,0.2,20.07064,0,0,0.36627,
200,400,25,0,0,197.86,11,51.25,Ulusu2012,6,G6P,,8,37,87.2347,0.2,2.54914,0.025,0,0.25902,
200,200,25,0,0,179.2,11,51.25,Ulusu2012,6,G6P,,8,37,87.2347,0.2,5.03686,0.025,0,0.286,
200,150,25,0,0,168.84,11,51.25,Ulusu2012,6,G6P,,8,37,87.2347,0.2,6.72604,0.025,0,0.30354,
200,100,25,0,0,152.88,11,51.25,Ulusu2012,6,G6P,,8,37,87.2347,0.2,9.98157,0.025,0,0.33524,
200,50,25,0,0,112.56,11,51.25,Ulusu2012,6,G6P,,8,37,87.2347,0.2,20.086,0.025,0,0.45531,
200,400,50,0,0,198.9,11,51.25,Ulusu2012,6,G6P,,8,37,87.2347,0.2,2.64128,0.05,0,0.25767,
200,200,50,0,0,171.12,11,51.25,Ulusu2012,6,G6P,,8,37,87.2347,0.2,5.00614,0.05,0,0.29949,
200,150,50,0,0,156.98,11,51.25,Ulusu2012,6,G6P,,8,37,87.2347,0.2,6.67998,0.05,0,0.32648,
200,100,50,0,0,138.64,11,51.25,Ulusu2012,6,G6P,,8,37,87.2347,0.2,10.08907,0.05,0,0.36965,
200,50,50,0,0,98.29,11,51.25,Ulusu2012,6,G6P,,8,37,87.2347,0.2,20.086,0.05,0,0.52142,
200,400,75,0,0,187.14,11,51.25,Ulusu2012,6,G6P,,8,37,87.2347,0.2,2.54914,0.075,0,0.27386,
200,200,75,0,0,161.31,11,51.25,Ulusu2012,6,G6P,,8,37,87.2347,0.2,5.03686,0.075,0,0.31771,
200,150,75,0,0,145,11,51.25,Ulusu2012,6,G6P,,8,37,87.2347,0.2,6.72604,0.075,0,0.35346,
200,100,75,0,0,124.96,11,51.25,Ulusu2012,6,G6P,,8,37,87.2347,0.2,9.98157,0.075,0,0.41012,
200,50,75,0,0,84.8,11,51.25,Ulusu2012,6,G6P,,8,37,87.2347,0.2,20.07064,0.075,0,0.60438,
200,400,100,0,0,175.06,11,51.25,Ulusu2012,6,G6P,,8,37,87.2347,0.2,2.51843,0.1,0,0.29275,
200,200,100,0,0,146.68,11,51.25,Ulusu2012,6,G6P,,8,37,87.2347,0.2,5.00614,0.1,0,0.34941,
200,150,100,0,0,130.55,11,51.25,Ulusu2012,6,G6P,,8,37,87.2347,0.2,6.67998,0.1,0,0.39258,
200,100,100,0,0,107.31,11,51.25,Ulusu2012,6,G6P,,8,37,87.2347,0.2,9.99693,0.1,0,0.47757,
200,50,100,0,0,74.05,11,51.25,Ulusu2012,6,G6P,,8,37,87.2347,0.2,20.02457,0.1,0,0.69207,
0,0,50,200,0,-0.0548,12,5,Beutler1986,3,PGLn,,7,25,4.25043,0,0,50,4.99188,18.26219,raw [PGLn] given as mM-1. No specific activity reported so 5 used as placeholder.
0,0,50,150,0,-0.0481,12,5,Beutler1986,3,PGLn,,7,25,4.25043,0,0,50,6.56853,20.80233,
0,0,50,100,0,-0.0354,12,5,Beutler1986,3,PGLn,,7,25,4.25043,0,0,50,9.96522,28.26335,
0,50,50,200,0,-0.0354,12,5,Beutler1986,3,PGLn,,7,25,4.25043,0,50,50,4.98744,28.26238,
0,50,50,150,0,-0.0297,12,5,Beutler1986,3,PGLn,,7,25,4.25043,0,50,50,6.58505,33.6277,
0,50,50,100,0,-0.0189,12,5,Beutler1986,3,PGLn,,7,25,4.25043,0,50,50,9.97642,53.04547,
0,100,50,200,0,-0.0225,12,5,Beutler1986,3,PGLn,,7,25,4.25043,0,100,50,5.00251,44.34868,
0,100,50,150,0,-0.0186,12,5,Beutler1986,3,PGLn,,7,25,4.25043,0,100,50,6.58946,53.71447,
0,100,50,100,0,-0.012,12,5,Beutler1986,3,PGLn,,7,25,4.25043,0,100,50,9.96294,83.39388,
0,0,100,2000,0,-21.88,13,5,Gordon1994,1A,PGLn,,7,25,4.25043,,,,0.51057,0.0457,[Metabolites] given in figure captions. Raw [metab] values given as mM-1. Raw rate value given as 1/V. No specific activity reported so 5 used as placeholder.; no temp published; guessed to be 25C
0,0,100,1000,0,-17.53,13,5,Gordon1994,1A,PGLn,,7,25,4.25043,,,,1.00126,0.05704,
0,0,100,500,0,-12.16,13,5,Gordon1994,1A,PGLn,,7,25,4.25043,,,,2.01845,0.08223,
0,0,100,250,0,-7.75,13,5,Gordon1994,1A,PGLn,,7,25,4.25043,,,,4.0228,0.12899,
0,0,50,2000,0,-25.9,14,5,Gordon1994,1B,NADPH,,7,25,4.25043,,,0.01944,,0.03861,
0,0,33.3,2000,0,-24.2,14,5,Gordon1994,1B,NADPH,,7,25,4.25043,,,0.02951,,0.04132,
0,0,22.2,2000,0,-21.77,14,5,Gordon1994,1B,NADPH,,7,25,4.25043,,,0.04473,,0.04594,
0,0,14.8,2000,0,-19.61,14,5,Gordon1994,1B,NADPH,,7,25,4.25043,,,0.06693,,0.051,
0,0,9.88,2000,0,-16.44,14,5,Gordon1994,1B,NADPH,,7,25,4.25043,,,0.10075,,0.06083,
10,100,0,0,0,6.03302,15,348,Mbata2026,1a,NADP,26-02-05,7.2,37,13.6549,,,,,,
200,100,0,0,0,13.0377,15,348,Mbata2026,1a,NADP,26-02-05,7.2,37,13.6549,,,,,,
20,100,0,0,0,9.18996,15,348,Mbata2026,1a,NADP,26-02-05,7.2,37,13.6549,,,,,,
40,100,0,0,0,11.3612,15,348,Mbata2026,1a,NADP,26-02-05,7.2,37,13.6549,,,,,,
80,100,0,0,0,11.8539,15,348,Mbata2026,1a,NADP,26-02-05,7.2,37,13.6549,,,,,,
200,10,0,0,0,2.37281,15,348,Mbata2026,1a,NADP,26-02-05,7.2,37,13.6549,,,,,,
20,10,0,0,0,2.16298,15,348,Mbata2026,1a,NADP,26-02-05,7.2,37,13.6549,,,,,,
40,10,0,0,0,2.67423,15,348,Mbata2026,1a,NADP,26-02-05,7.2,37,13.6549,,,,,,
80,10,0,0,0,2.55749,15,348,Mbata2026,1a,NADP,26-02-05,7.2,37,13.6549,,,,,,
200,20,0,0,0,4.17179,15,348,Mbata2026,1a,NADP,26-02-05,7.2,37,13.6549,,,,,,
20,20,0,0,0,4.5353,15,348,Mbata2026,1a,NADP,26-02-05,7.2,37,13.6549,,,,,,
40,20,0,0,0,4.68898,15,348,Mbata2026,1a,NADP,26-02-05,7.2,37,13.6549,,,,,,
80,20,0,0,0,4.96468,15,348,Mbata2026,1a,NADP,26-02-05,7.2,37,13.6549,,,,,,
10,40,0,0,0,4.17113,15,348,Mbata2026,1a,NADP,26-02-05,7.2,37,13.6549,,,,,,
200,40,0,0,0,8.11025,15,348,Mbata2026,1a,NADP,26-02-05,7.2,37,13.6549,,,,,,
20,40,0,0,0,6.14699,15,348,Mbata2026,1a,NADP,26-02-05,7.2,37,13.6549,,,,,,
40,40,0,0,0,7.20144,15,348,Mbata2026,1a,NADP,26-02-05,7.2,37,13.6549,,,,,,
80,40,0,0,0,7.874,15,348,Mbata2026,1a,NADP,26-02-05,7.2,37,13.6549,,,,,,
10,500,0,0,0,7.42563,15,348,Mbata2026,1a,NADP,26-02-05,7.2,37,13.6549,,,,,,
200,500,0,0,0,16.6392,15,348,Mbata2026,1a,NADP,26-02-05,7.2,37,13.6549,,,,,,
20,500,0,0,0,12.2672,15,348,Mbata2026,1a,NADP,26-02-05,7.2,37,13.6549,,,,,,
40,500,0,0,0,15.572,15,348,Mbata2026,1a,NADP,26-02-05,7.2,37,13.6549,,,,,,
80,500,0,0,0,17.3496,15,348,Mbata2026,1a,NADP,26-02-05,7.2,37,13.6549,,,,,,
100,100,0,0,0,20.0292,17,348,Mbata2026,1c,G6P,26-02-08,7.2,37,13.6549,,,,,,
100,20,0,0,0,9.45066,17,348,Mbata2026,1c,G6P,26-02-08,7.2,37,13.6549,,,,,,
100,40,0,0,0,13.9783,17,348,Mbata2026,1c,G6P,26-02-08,7.2,37,13.6549,,,,,,
100,500,0,0,0,23.5011,17,348,Mbata2026,1c,G6P,26-02-08,7.2,37,13.6549,,,,,,
100,100,10,0,0,18.5611,17,348,Mbata2026,1c,G6P,26-02-08,7.2,37,13.6549,,,,,,
100,20,10,0,0,8.99681,17,348,Mbata2026,1c,G6P,26-02-08,7.2,37,13.6549,,,,,,
100,40,10,0,0,13.0715,17,348,Mbata2026,1c,G6P,26-02-08,7.2,37,13.6549,,,,,,
100,500,10,0,0,23.7711,17,348,Mbata2026,1c,G6P,26-02-08,7.2,37,13.6549,,,,,,
100,10,0,0,0,7.84457,18,348,Mbata2026,1d,G6P,26-02-10,7.2,37,13.6549,,,,,,
100,2.5,0,0,0,2.64596,18,348,Mbata2026,1d,G6P,26-02-10,7.2,37,13.6549,,,,,,
100,20,0,0,0,12.8987,18,348,Mbata2026,1d,G6P,26-02-10,7.2,37,13.6549,,,,,,
100,40,0,0,0,17.6608,18,348,Mbata2026,1d,G6P,26-02-10,7.2,37,13.6549,,,,,,
100,5,0,0,0,4.69246,18,348,Mbata2026,1d,G6P,26-02-10,7.2,37,13.6549,,,,,,
100,10,10,0,0,7.25721,18,348,Mbata2026,1d,G6P,26-02-10,7.2,37,13.6549,,,,,,
100,2.5,10,0,0,1.63479,18,348,Mbata2026,1d,G6P,26-02-10,7.2,37,13.6549,,,,,,
100,20,10,0,0,11.1303,18,348,Mbata2026,1d,G6P,26-02-10,7.2,37,13.6549,,,,,,
100,40,10,0,0,16.3052,18,348,Mbata2026,1d,G6P,26-02-10,7.2,37,13.6549,,,,,,
100,5,10,0,0,4.43729,18,348,Mbata2026,1d,G6P,26-02-10,7.2,37,13.6549,,,,,,
100,2.5,30,0,0,2.70006,18,348,Mbata2026,1d,G6P,26-02-10,7.2,37,13.6549,,,,,,
100,5,30,0,0,2.79941,18,348,Mbata2026,1d,G6P,26-02-10,7.2,37,13.6549,,,,,,
100,10,30,0,0,4.21798,18,348,Mbata2026,1d,G6P,26-02-10,7.2,37,13.6549,,,,,,
100,20,30,0,0,7.47075,18,348,Mbata2026,1d,G6P,26-02-10,7.2,37,13.6549,,,,,,
100,40,30,0,0,11.9374,18,348,Mbata2026,1d,G6P,26-02-10,7.2,37,13.6549,,,,,,
1.25,500,0,0,0,1.45983,19,348,Mbata2026,1e,NADP,26-02-10,7.2,37,13.6549,,,,,,
10,500,0,0,0,9.74643,19,348,Mbata2026,1e,NADP,26-02-10,7.2,37,13.6549,,,,,,
2.5,500,0,0,0,2.94796,19,348,Mbata2026,1e,NADP,26-02-10,7.2,37,13.6549,,,,,,
20,500,0,0,0,12.5638,19,348,Mbata2026,1e,NADP,26-02-10,7.2,37,13.6549,,,,,,
5,500,0,0,0,5.70634,19,348,Mbata2026,1e,NADP,26-02-10,7.2,37,13.6549,,,,,,
1.25,500,10,0,0,1.70216,19,348,Mbata2026,1e,NADP,26-02-10,7.2,37,13.6549,,,,,,
10,500,10,0,0,6.69178,19,348,Mbata2026,1e,NADP,26-02-10,7.2,37,13.6549,,,,,,
2.5,500,10,0,0,2.41002,19,348,Mbata2026,1e,NADP,26-02-10,7.2,37,13.6549,,,,,,
20,500,10,0,0,10.9102,19,348,Mbata2026,1e,NADP,26-02-10,7.2,37,13.6549,,,,,,
5,500,10,0,0,4.27575,19,348,Mbata2026,1e,NADP,26-02-10,7.2,37,13.6549,,,,,,
10,500,0,0,400,8.19486,20,348,Mbata2026,1g,NADP,26-02-16,7.2,37,13.6549,,,,,,
200,500,0,0,400,18.7949,20,348,Mbata2026,1g,NADP,26-02-16,7.2,37,13.6549,,,,,,
20,500,0,0,400,14.3266,20,348,Mbata2026,1g,NADP,26-02-16,7.2,37,13.6549,,,,,,
50,500,0,0,400,17.4803,20,348,Mbata2026,1g,NADP,26-02-16,7.2,37,13.6549,,,,,,
10,500,0,0,0,8.19068,20,348,Mbata2026,1g,NADP,26-02-16,7.2,37,13.6549,,,,,,
200,500,0,0,0,19.5833,20,348,Mbata2026,1g,NADP,26-02-16,7.2,37,13.6549,,,,,,
20,500,0,0,0,13.5949,20,348,Mbata2026,1g,NADP,26-02-16,7.2,37,13.6549,,,,,,
50,500,0,0,0,16.6801,20,348,Mbata2026,1g,NADP,26-02-16,7.2,37,13.6549,,,,,,
10,500,0,0,10000,5.63475,20,348,Mbata2026,1g,NADP,26-02-16,7.2,37,13.6549,,,,,,
200,500,0,0,10000,12.3312,20,348,Mbata2026,1g,NADP,26-02-16,7.2,37,13.6549,,,,,,
20,500,0,0,10000,8.5009,20,348,Mbata2026,1g,NADP,26-02-16,7.2,37,13.6549,,,,,,
50,500,0,0,10000,9.94756,20,348,Mbata2026,1g,NADP,26-02-16,7.2,37,13.6549,,,,,,
10,500,0,0,2000,7.61428,20,348,Mbata2026,1g,NADP,26-02-16,7.2,37,13.6549,,,,,,
200,500,0,0,2000,16.6249,20,348,Mbata2026,1g,NADP,26-02-16,7.2,37,13.6549,,,,,,
20,500,0,0,2000,12.2878,20,348,Mbata2026,1g,NADP,26-02-16,7.2,37,13.6549,,,,,,
50,500,0,0,2000,15.5258,20,348,Mbata2026,1g,NADP,26-02-16,7.2,37,13.6549,,,,,,
10,500,0,0,5000,7.05277,20,348,Mbata2026,1g,NADP,26-02-16,7.2,37,13.6549,,,,,,
200,500,0,0,5000,15.2314,20,348,Mbata2026,1g,NADP,26-02-16,7.2,37,13.6549,,,,,,
20,500,0,0,5000,11.2652,20,348,Mbata2026,1g,NADP,26-02-16,7.2,37,13.6549,,,,,,
50,500,0,0,5000,13.1575,20,348,Mbata2026,1g,NADP,26-02-16,7.2,37,13.6549,,,,,,
1.8,100,0,0,0,0.990107,21,348,Mbata2026,1i,NADP,26-03-12,7.2,37,13.6549,,,,,,
10,100,0,0,0,5.38646,21,348,Mbata2026,1i,NADP,26-03-12,7.2,37,13.6549,,,,,,
14,100,0,0,0,6.19005,21,348,Mbata2026,1i,NADP,26-03-12,7.2,37,13.6549,,,,,,
2.5,100,0,0,0,1.3667,21,348,Mbata2026,1i,NADP,26-03-12,7.2,37,13.6549,,,,,,
20,100,0,0,0,7.15651,21,348,Mbata2026,1i,NADP,26-03-12,7.2,37,13.6549,,,,,,
3.5,100,0,0,0,2.00868,21,348,Mbata2026,1i,NADP,26-03-12,7.2,37,13.6549,,,,,,
5,100,0,0,0,2.70995,21,348,Mbata2026,1i,NADP,26-03-12,7.2,37,13.6549,,,,,,
7,100,0,0,0,3.64951,21,348,Mbata2026,1i,NADP,26-03-12,7.2,37,13.6549,,,,,,
1.8,100,10,0,0,0.467564,21,348,Mbata2026,1i,NADP,26-03-12,7.2,37,13.6549,,,,,,
10,100,10,0,0,3.49511,21,348,Mbata2026,1i,NADP,26-03-12,7.2,37,13.6549,,,,,,
14,100,10,0,0,4.62064,21,348,Mbata2026,1i,NADP,26-03-12,7.2,37,13.6549,,,,,,
2.5,100,10,0,0,0.788308,21,348,Mbata2026,1i,NADP,26-03-12,7.2,37,13.6549,,,,,,
20,100,10,0,0,5.83385,21,348,Mbata2026,1i,NADP,26-03-12,7.2,37,13.6549,,,,,,
3.5,100,10,0,0,1.11117,21,348,Mbata2026,1i,NADP,26-03-12,7.2,37,13.6549,,,,,,
5,100,10,0,0,1.8049,21,348,Mbata2026,1i,NADP,26-03-12,7.2,37,13.6549,,,,,,
7,100,10,0,0,2.79616,21,348,Mbata2026,1i,NADP,26-03-12,7.2,37,13.6549,,,,,,
10,100,30,0,0,1.49778,22,348,Mbata2026,1j,NADP,26-03-19,7.2,37,13.6549,,,,,,
2.5,100,30,0,0,0.578751,22,348,Mbata2026,1j,NADP,26-03-19,7.2,37,13.6549,,,,,,
3.5,100,30,0,0,0.677204,22,348,Mbata2026,1j,NADP,26-03-19,7.2,37,13.6549,,,,,,
5,100,30,0,0,0.884476,22,348,Mbata2026,1j,NADP,26-03-19,7.2,37,13.6549,,,,,,
7,100,30,0,0,1.30292,22,348,Mbata2026,1j,NADP,26-03-19,7.2,37,13.6549,,,,,,
7,500,30,0,0,3.06145,23,348,Mbata2026,1k,NADP,26-03-22,7.2,37,13.6549,,,,,,
10,500,30,0,0,3.62208,23,348,Mbata2026,1k,NADP,26-03-22,7.2,37,13.6549,,,,,,
16,1000,0,0,0,6.76653,24,96.2,Mbata2026,1l,NADP,26-07-06,7.2,37,13.6549,,,,,,
32,1000,0,0,0,13.4464,24,96.2,Mbata2026,1l,NADP,26-07-06,7.2,37,13.6549,,,,,,
64,1000,0,0,0,17.4375,24,96.2,Mbata2026,1l,NADP,26-07-06,7.2,37,13.6549,,,,,,
8,1000,0,0,0,2.95131,24,96.2,Mbata2026,1l,NADP,26-07-06,7.2,37,13.6549,,,,,,
16,1000,10,0,0,6.33688,24,96.2,Mbata2026,1l,NADP,26-07-06,7.2,37,13.6549,,,,,,
32,1000,10,0,0,9.89677,24,96.2,Mbata2026,1l,NADP,26-07-06,7.2,37,13.6549,,,,,,
4,1000,10,0,0,1.49293,24,96.2,Mbata2026,1l,NADP,26-07-06,7.2,37,13.6549,,,,,,
64,1000,10,0,0,12.6406,24,96.2,Mbata2026,1l,NADP,26-07-06,7.2,37,13.6549,,,,,,
8,1000,10,0,0,3.18606,24,96.2,Mbata2026,1l,NADP,26-07-06,7.2,37,13.6549,,,,,,
16,1000,30,0,0,6.02849,24,96.2,Mbata2026,1l,NADP,26-07-06,7.2,37,13.6549,,,,,,
32,1000,30,0,0,10.4544,24,96.2,Mbata2026,1l,NADP,26-07-06,7.2,37,13.6549,,,,,,
4,1000,30,0,0,1.03533,24,96.2,Mbata2026,1l,NADP,26-07-06,7.2,37,13.6549,,,,,,
64,1000,30,0,0,13.9929,24,96.2,Mbata2026,1l,NADP,26-07-06,7.2,37,13.6549,,,,,,
8,1000,30,0,0,1.68513,24,96.2,Mbata2026,1l,NADP,26-07-06,7.2,37,13.6549,,,,,,
200,160,0,0,0,10.468,25,96.2,Mbata2026,1m,G6P,26-07-06,7.2,37,13.6549,,,,,,
200,20,0,0,0,3.9663,25,96.2,Mbata2026,1m,G6P,26-07-06,7.2,37,13.6549,,,,,,
200,320,0,0,0,11.6043,25,96.2,Mbata2026,1m,G6P,26-07-06,7.2,37,13.6549,,,,,,
200,40,0,0,0,6.25936,25,96.2,Mbata2026,1m,G6P,26-07-06,7.2,37,13.6549,,,,,,
200,80,0,0,0,8.77131,25,96.2,Mbata2026,1m,G6P,26-07-06,7.2,37,13.6549,,,,,,
200,160,10,0,0,9.83385,25,96.2,Mbata2026,1m,G6P,26-07-06,7.2,37,13.6549,,,,,,
200,20,10,0,0,3.51377,25,96.2,Mbata2026,1m,G6P,26-07-06,7.2,37,13.6549,,,,,,
200,320,10,0,0,11.429,25,96.2,Mbata2026,1m,G6P,26-07-06,7.2,37,13.6549,,,,,,
200,40,10,0,0,5.6908,25,96.2,Mbata2026,1m,G6P,26-07-06,7.2,37,13.6549,,,,,,
200,80,10,0,0,7.96266,25,96.2,Mbata2026,1m,G6P,26-07-06,7.2,37,13.6549,,,,,,
200,160,30,0,0,6.45055,25,96.2,Mbata2026,1m,G6P,26-07-06,7.2,37,13.6549,,,,,,
200,20,30,0,0,1.91116,25,96.2,Mbata2026,1m,G6P,26-07-06,7.2,37,13.6549,,,,,,
200,320,30,0,0,7.9729,25,96.2,Mbata2026,1m,G6P,26-07-06,7.2,37,13.6549,,,,,,
200,40,30,0,0,3.87884,25,96.2,Mbata2026,1m,G6P,26-07-06,7.2,37,13.6549,,,,,,
200,80,30,0,0,5.87012,25,96.2,Mbata2026,1m,G6P,26-07-06,7.2,37,13.6549,,,,,,
10,500,0,0,0,8.18525,26,348,Mbata2026,1f,NADP,26-02-13,7.2,37,13.6549,,,,,,
2.5,500,0,0,0,2.63301,26,348,Mbata2026,1f,NADP,26-02-13,7.2,37,13.6549,,,,,,
20,500,0,0,0,11.0239,26,348,Mbata2026,1f,NADP,26-02-13,7.2,37,13.6549,,,,,,
5,500,0,0,0,5.20548,26,348,Mbata2026,1f,NADP,26-02-13,7.2,37,13.6549,,,,,,
10,500,10,0,0,6.99983,26,348,Mbata2026,1f,NADP,26-02-13,7.2,37,13.6549,,,,,,
2.5,500,10,0,0,2.30565,26,348,Mbata2026,1f,NADP,26-02-13,7.2,37,13.6549,,,,,,
20,500,10,0,0,8.76487,26,348,Mbata2026,1f,NADP,26-02-13,7.2,37,13.6549,,,,,,
5,500,10,0,0,3.81371,26,348,Mbata2026,1f,NADP,26-02-13,7.2,37,13.6549,,,,,,
10,500,30,0,0,4.84753,26,348,Mbata2026,1f,NADP,26-02-13,7.2,37,13.6549,,,,,,
20,500,30,0,0,9.8275,26,348,Mbata2026,1f,NADP,26-02-13,7.2,37,13.6549,,,,,,
10,100,0,0,0,7.4519,27,348,Mbata2026,1h,NADP,26-02-16,7.2,37,13.6549,,,,,,
2.5,100,0,0,0,2.51862,27,348,Mbata2026,1h,NADP,26-02-16,7.2,37,13.6549,,,,,,
20,100,0,0,0,10.1098,27,348,Mbata2026,1h,NADP,26-02-16,7.2,37,13.6549,,,,,,
5,100,0,0,0,4.82153,27,348,Mbata2026,1h,NADP,26-02-16,7.2,37,13.6549,,,,,,
10,100,10,0,0,6.45125,27,348,Mbata2026,1h,NADP,26-02-16,7.2,37,13.6549,,,,,,
2.5,100,10,0,0,1.70922,27,348,Mbata2026,1h,NADP,26-02-16,7.2,37,13.6549,,,,,,
20,100,10,0,0,9.97616,27,348,Mbata2026,1h,NADP,26-02-16,7.2,37,13.6549,,,,,,
5,100,10,0,0,2.95469,27,348,Mbata2026,1h,NADP,26-02-16,7.2,37,13.6549,,,,,,
5,100,30,0,0,0.881761,27,348,Mbata2026,1h,NADP,26-02-16,7.2,37,13.6549,,,,,,
10,100,30,0,0,4.44268,27,348,Mbata2026,1h,NADP,26-02-16,7.2,37,13.6549,,,,,,
20,100,30,0,0,6.2648,27,348,Mbata2026,1h,NADP,26-02-16,7.2,37,13.6549,,,,,,
200,160,0,0,0,32.1392,28,96.2,Mbata2026,1i,G6P,26-07-08,7.2,37,13.6549,,,,,,
200,20,0,0,0,13.2512,28,96.2,Mbata2026,1i,G6P,26-07-08,7.2,37,13.6549,,,,,,
200,30,0,0,0,16.3466,28,96.2,Mbata2026,1i,G6P,26-07-08,7.2,37,13.6549,,,,,,
200,40,0,0,0,18.658,28,96.2,Mbata2026,1i,G6P,26-07-08,7.2,37,13.6549,,,,,,
200,80,0,0,0,24.6021,28,96.2,Mbata2026,1i,G6P,26-07-08,7.2,37,13.6549,,,,,,
200,160,0,0,1000,30.6987,28,96.2,Mbata2026,1i,G6P,26-07-08,7.2,37,13.6549,,,,,,
200,20,0,0,1000,13.1349,28,96.2,Mbata2026,1i,G6P,26-07-08,7.2,37,13.6549,,,,,,
200,30,0,0,1000,15.7663,28,96.2,Mbata2026,1i,G6P,26-07-08,7.2,37,13.6549,,,,,,
200,40,0,0,1000,19.8936,28,96.2,Mbata2026,1i,G6P,26-07-08,7.2,37,13.6549,,,,,,
200,80,0,0,1000,25.574,28,96.2,Mbata2026,1i,G6P,26-07-08,7.2,37,13.6549,,,,,,
200,160,0,0,2000,25.9286,28,96.2,Mbata2026,1i,G6P,26-07-08,7.2,37,13.6549,,,,,,
200,20,0,0,2000,12.1259,28,96.2,Mbata2026,1i,G6P,26-07-08,7.2,37,13.6549,,,,,,
200,30,0,0,2000,16.1966,28,96.2,Mbata2026,1i,G6P,26-07-08,7.2,37,13.6549,,,,,,
200,40,0,0,2000,17.5668,28,96.2,Mbata2026,1i,G6P,26-07-08,7.2,37,13.6549,,,,,,
200,80,0,0,2000,23.4335,28,96.2,Mbata2026,1i,G6P,26-07-08,7.2,37,13.6549,,,,,,
200,160,0,0,4000,24.9762,28,96.2,Mbata2026,1i,G6P,26-07-08,7.2,37,13.6549,,,,,,
200,20,0,0,4000,10.7954,28,96.2,Mbata2026,1i,G6P,26-07-08,7.2,37,13.6549,,,,,,
200,30,0,0,4000,12.3417,28,96.2,Mbata2026,1i,G6P,26-07-08,7.2,37,13.6549,,,,,,
200,40,0,0,4000,14.2388,28,96.2,Mbata2026,1i,G6P,26-07-08,7.2,37,13.6549,,,,,,
200,80,0,0,4000,21.1884,28,96.2,Mbata2026,1i,G6P,26-07-08,7.2,37,13.6549,,,,,,
16,1000,0,0,0,29.1554,29,96.2,Mbata2026,1j,NADP,26-07-08,7.2,37,13.6549,,,,,,
32,1000,0,0,0,41.3006,29,96.2,Mbata2026,1j,NADP,26-07-08,7.2,37,13.6549,,,,,,
4,1000,0,0,0,6.49822,29,96.2,Mbata2026,1j,NADP,26-07-08,7.2,37,13.6549,,,,,,
6,1000,0,0,0,10.5968,29,96.2,Mbata2026,1j,NADP,26-07-08,7.2,37,13.6549,,,,,,
8,1000,0,0,0,13.8973,29,96.2,Mbata2026,1j,NADP,26-07-08,7.2,37,13.6549,,,,,,
16,1000,0,0,1000,25.5517,29,96.2,Mbata2026,1j,NADP,26-07-08,7.2,37,13.6549,,,,,,
32,1000,0,0,1000,34.7815,29,96.2,Mbata2026,1j,NADP,26-07-08,7.2,37,13.6549,,,,,,
4,1000,0,0,1000,7.03659,29,96.2,Mbata2026,1j,NADP,26-07-08,7.2,37,13.6549,,,,,,
6,1000,0,0,1000,11.1576,29,96.2,Mbata2026,1j,NADP,26-07-08,7.2,37,13.6549,,,,,,
8,1000,0,0,1000,14.1748,29,96.2,Mbata2026,1j,NADP,26-07-08,7.2,37,13.6549,,,,,,
16,1000,0,0,2000,24.3221,29,96.2,Mbata2026,1j,NADP,26-07-08,7.2,37,13.6549,,,,,,
32,1000,0,0,2000,33.5317,29,96.2,Mbata2026,1j,NADP,26-07-08,7.2,37,13.6549,,,,,,
4,1000,0,0,2000,6.87837,29,96.2,Mbata2026,1j,NADP,26-07-08,7.2,37,13.6549,,,,,,
6,1000,0,0,2000,11.3662,29,96.2,Mbata2026,1j,NADP,26-07-08,7.2,37,13.6549,,,,,,
8,1000,0,0,2000,14.1085,29,96.2,Mbata2026,1j,NADP,26-07-08,7.2,37,13.6549,,,,,,
16,1000,0,0,4000,27.1541,29,96.2,Mbata2026,1j,NADP,26-07-08,7.2,37,13.6549,,,,,,
32,1000,0,0,4000,38.8228,29,96.2,Mbata2026,1j,NADP,26-07-08,7.2,37,13.6549,,,,,,
4,1000,0,0,4000,6.76026,29,96.2,Mbata2026,1j,NADP,26-07-08,7.2,37,13.6549,,,,,,
6,1000,0,0,4000,10.5844,29,96.2,Mbata2026,1j,NADP,26-07-08,7.2,37,13.6549,,,,,,
8,1000,0,0,4000,13.8114,29,96.2,Mbata2026,1j,NADP,26-07-08,7.2,37,13.6549,,,,,,
