[6PGA] (uM),[NADP] (uM),[CO2] (uM),[Ru5P] (uM),[NADPH] (uM),Rate_V,V_fig_i,Specific_Activity,Article,Fig,X_axis_label,pH,Temperature (C),Apparent Keq (M),[6PGA] raw,[NADP] raw,[CO2] raw,[Ru5P] raw,[NADPH] raw,Rate V raw,Notes,Column22,[ATP] (uM)
48.0,200.0,0,0,0.0,0.0431,1,13.12,Akkemik2010,3,PGA,8.0,25,0.079,200.0,21.27799736,0.0,0,0.0,23.19749,[NADP] taken from methods section. Raw [6PGA] data is in mM,raw substrate concentration given in mM,0.0
36.0,200.0,0,0,0.0,0.0307,1,13.12,Akkemik2010,3,PGA,8.0,25,0.079,200.0,27.54940711,0.0,0,0.0,32.60188,,,0.0
24.0,200.0,0,0,0.0,0.0198,1,13.12,Akkemik2010,3,PGA,8.0,25,0.079,200.0,41.43610013,0.0,0,0.0,50.47022,,,0.0
12.0,200.0,0,0,0.0,0.0153,1,13.12,Akkemik2010,3,PGA,8.0,25,0.079,200.0,82.87220026,0.0,0,0.0,65.20376,,,0.0
6.0,200.0,0,0,0.0,0.0077,1,13.12,Akkemik2010,3,PGA,8.0,25,0.079,200.0,165.7444005,0.0,0,0.0,130.40752,,,0.0
1000.0,43.38394794,0,0,0.0,0.014150943,2,11.0,Chan2013,Supp4B,NADP,7.0,25,0.079,0.02305,1000.0,0.0,0,0.0,0.00424,raw rate in pmol/s. Converted to umol/min. Dropped two data points nearest y-axis. Temp reported as RT; guessed to be 25C,,0.0
1000.0,11.67951413,0,0,0.0,0.012170385,2,11.0,Chan2013,Supp4B,NADP,7.0,25,0.079,0.08562,1000.0,0.0,0,0.0,0.00493,,,0.0
1000.0,4.030957756,0,0,0.0,0.008321775,2,11.0,Chan2013,Supp4B,NADP,7.0,25,0.079,0.24808,1000.0,0.0,0,0.0,0.00721,,,0.0
1000.0,2.044906139,0,0,0.0,0.005964215,2,11.0,Chan2013,Supp4B,NADP,7.0,25,0.079,0.48902,1000.0,0.0,0,0.0,0.01006,,,0.0
1000.0,1.050144395,0,0,0.0,0.003738318,2,11.0,Chan2013,Supp4B,NADP,7.0,25,0.079,0.95225,1000.0,0.0,0,0.0,0.01605,,,0.0
877.1929825,1000.0,0,0,0.0,0.005905512,3,11.0,Chan2013,Supp4D,PGA,7.0,25,0.079,1000.0,0.00114,0.0,0,0.0,0.01016,,,0.0
203.2520325,1000.0,0,0,0.0,0.004930156,3,11.0,Chan2013,Supp4D,PGA,7.0,25,0.079,1000.0,0.00492,0.0,0,0.0,0.01217,,,0.0
101.010101,1000.0,0,0,0.0,0.003838772,3,11.0,Chan2013,Supp4D,PGA,7.0,25,0.079,1000.0,0.0099,0.0,0,0.0,0.01563,,,0.0
50.22601708,1000.0,0,0,0.0,0.003013561,3,11.0,Chan2013,Supp4D,PGA,7.0,25,0.079,1000.0,0.01991,0.0,0,0.0,0.01991,,,0.0
25.03755633,1000.0,0,0,0.0,0.001602992,3,11.0,Chan2013,Supp4D,PGA,7.0,25,0.079,1000.0,0.03994,0.0,0,0.0,0.03743,,,0.0
12.5,1000.0,0,0,0.0,0.00083068,3,11.0,Chan2013,Supp4D,PGA,7.0,25,0.079,1000.0,0.08,0.0,0,0.0,0.07223,,,0.0
225.225,80.0,0,0,0.0,0.0485,4,20.0,Cottreau1975,10A,PGA,8.0,37,0.1939,80.0,0.0444,0.0,0,0.0,20.6371,raw [6PGA] given in 10^-5 M. Temp was not reported; guessed to be 25C,,0.0
60.864,80.0,0,0,0.0,0.0371,4,20.0,Cottreau1975,10A,PGA,8.0,37,0.1939,80.0,0.1643,0.0,0,0.0,26.9518,,,0.0
28.752,80.0,0,0,0.0,0.0277,4,20.0,Cottreau1975,10A,PGA,8.0,37,0.1939,80.0,0.3478,0.0,0,0.0,36.0748,,,0.0
17.995,80.0,0,0,0.0,0.0225,4,20.0,Cottreau1975,10A,PGA,8.0,37,0.1939,80.0,0.5557,0.0,0,0.0,44.5027,,,0.0
14.921,80.0,0,0,0.0,0.0204,4,20.0,Cottreau1975,10A,PGA,8.0,37,0.1939,80.0,0.6702,0.0,0,0.0,49.1265,,,0.0
10.611,80.0,0,0,0.0,0.0158,4,20.0,Cottreau1975,10A,PGA,8.0,37,0.1939,80.0,0.9424,0.0,0,0.0,63.1018,,,0.0
225.225,20.0,0,0,0.0,0.0438,4,20.0,Cottreau1975,10A,PGA,8.0,37,0.1939,80.0,0.0444,0.0,0,0.0,22.8516,,,0.0
60.938,20.0,0,0,0.0,0.0313,4,20.0,Cottreau1975,10A,PGA,8.0,37,0.1939,20.0,0.1641,0.0,0,0.0,31.9634,,,0.0
28.96,20.0,0,0,0.0,0.0226,4,20.0,Cottreau1975,10A,PGA,8.0,37,0.1939,20.0,0.3453,0.0,0,0.0,44.2329,,,0.0
23.697,20.0,0,0,0.0,0.0199,4,20.0,Cottreau1975,10A,PGA,8.0,37,0.1939,20.0,0.422,0.0,0,0.0,50.1903,,raw substrate concentration given in mM,0.0
18.008,20.0,0,0,0.0,0.017,4,20.0,Cottreau1975,10A,PGA,8.0,37,0.1939,20.0,0.5553,0.0,0,0.0,58.9549,,,0.0
14.85,20.0,0,0,0.0,0.0158,4,20.0,Cottreau1975,10A,PGA,8.0,37,0.1939,20.0,0.6734,0.0,0,0.0,63.2879,,,0.0
10.65,20.0,0,0,0.0,0.0127,4,20.0,Cottreau1975,10A,PGA,8.0,37,0.1939,20.0,0.939,0.0,0,0.0,78.4858,,,0.0
222.717,10.0,0,0,0.0,0.0398,4,20.0,Cottreau1975,10A,PGA,8.0,37,0.1939,10.0,0.0449,0.0,0,0.0,25.1244,,,0.0
61.652,10.0,0,0,0.0,0.0265,4,20.0,Cottreau1975,10A,PGA,8.0,37,0.1939,10.0,0.1622,0.0,0,0.0,37.674,,,0.0
28.918,10.0,0,0,0.0,0.0207,4,20.0,Cottreau1975,10A,PGA,8.0,37,0.1939,10.0,0.3458,0.0,0,0.0,48.2539,,,0.0
23.804,10.0,0,0,0.0,0.0176,4,20.0,Cottreau1975,10A,PGA,8.0,37,0.1939,10.0,0.4201,0.0,0,0.0,56.7168,,,0.0
18.086,10.0,0,0,0.0,0.016,4,20.0,Cottreau1975,10A,PGA,8.0,37,0.1939,10.0,0.5529,0.0,0,0.0,62.451,,,0.0
14.817,10.0,0,0,0.0,0.013,4,20.0,Cottreau1975,10A,PGA,8.0,37,0.1939,10.0,0.6749,0.0,0,0.0,76.9828,,,0.0
10.639,10.0,0,0,0.0,0.0111,4,20.0,Cottreau1975,10A,PGA,8.0,37,0.1939,10.0,0.9399,0.0,0,0.0,90.4907,,,0.0
180.0,194.175,0,0,0.0,0.0118,5,20.0,Cottreau1975,10B,NADP,8.0,37,0.1939,0.0515,180.0,0.0,0,0.0,84.9954,,,0.0
180.0,99.305,0,0,0.0,0.0104,5,20.0,Cottreau1975,10B,NADP,8.0,37,0.1939,0.1007,180.0,0.0,0,0.0,95.8099,,,0.0
180.0,77.16,0,0,0.0,0.0098,5,20.0,Cottreau1975,10B,NADP,8.0,37,0.1939,0.1296,180.0,0.0,0,0.0,102.0714,,,0.0
180.0,49.975,0,0,0.0,0.009,5,20.0,Cottreau1975,10B,NADP,8.0,37,0.1939,0.2001,180.0,0.0,0,0.0,111.2113,,,0.0
180.0,19.968,0,0,0.0,0.0062,5,20.0,Cottreau1975,10B,NADP,8.0,37,0.1939,0.5008,180.0,0.0,0,0.0,160.8156,,,0.0
180.0,10.02,0,0,0.0,0.0042,5,20.0,Cottreau1975,10B,NADP,8.0,37,0.1939,0.998,180.0,0.0,0,0.0,237.8226,,,0.0
120.0,196.078,0,0,0.0,0.0096,5,20.0,Cottreau1975,10B,NADP,8.0,37,0.1939,0.051,120.0,0.0,0,0.0,103.6811,,,0.0
120.0,101.626,0,0,0.0,0.0089,5,20.0,Cottreau1975,10B,NADP,8.0,37,0.1939,0.0984,120.0,0.0,0,0.0,112.7948,,,0.0
120.0,78.186,0,0,0.0,0.008,5,20.0,Cottreau1975,10B,NADP,8.0,37,0.1939,0.1279,120.0,0.0,0,0.0,125.2857,,,0.0
120.0,50.251,0,0,0.0,0.0078,5,20.0,Cottreau1975,10B,NADP,8.0,37,0.1939,0.199,120.0,0.0,0,0.0,128.1975,,,0.0
120.0,19.968,0,0,0.0,0.0056,5,20.0,Cottreau1975,10B,NADP,8.0,37,0.1939,0.5008,120.0,0.0,0,0.0,177.2369,,,0.0
120.0,10.02,0,0,0.0,0.0035,5,20.0,Cottreau1975,10B,NADP,8.0,37,0.1939,0.998,120.0,0.0,0,0.0,282.8397,,,0.0
60.0,205.339,0,0,0.0,0.0069,5,20.0,Cottreau1975,10B,NADP,8.0,37,0.1939,0.0487,60.0,0.0,0,0.0,145.298,,,0.0
60.0,103.413,0,0,0.0,0.0063,5,20.0,Cottreau1975,10B,NADP,8.0,37,0.1939,0.0967,60.0,0.0,0,0.0,158.3761,,,0.0
60.0,78.186,0,0,0.0,0.006,5,20.0,Cottreau1975,10B,NADP,8.0,37,0.1939,0.1279,60.0,0.0,0,0.0,166.0559,,,0.0
60.0,50.531,0,0,0.0,0.0055,5,20.0,Cottreau1975,10B,NADP,8.0,37,0.1939,0.1979,60.0,0.0,0,0.0,180.8577,,,0.0
60.0,19.806,0,0,0.0,0.0043,5,20.0,Cottreau1975,10B,NADP,8.0,37,0.1939,0.5049,60.0,0.0,0,0.0,231.8848,,,0.0
60.0,10.019,0,0,0.0,0.0027,5,20.0,Cottreau1975,10B,NADP,8.0,37,0.1939,0.9981,60.0,0.0,0,0.0,370.0425,,,0.0
30.0,215.054,0,0,0.0,0.005,5,20.0,Cottreau1975,10B,NADP,8.0,37,0.1939,0.0465,30.0,0.0,0,0.0,198.24,,,0.0
30.0,110.619,0,0,0.0,0.0047,5,20.0,Cottreau1975,10B,NADP,8.0,37,0.1939,0.0904,30.0,0.0,0,0.0,211.8798,,CO2 and 6PGA concentration taken directly from caption text,0.0
30.0,78.864,0,0,0.0,0.0045,5,20.0,Cottreau1975,10B,NADP,8.0,37,0.1939,0.1268,30.0,0.0,0,0.0,220.1317,,,0.0
30.0,49.925,0,0,0.0,0.0039,5,20.0,Cottreau1975,10B,NADP,8.0,37,0.1939,0.2003,30.0,0.0,0,0.0,257.8706,,,0.0
30.0,20.028,0,0,0.0,0.0027,5,20.0,Cottreau1975,10B,NADP,8.0,37,0.1939,0.4993,30.0,0.0,0,0.0,370.6101,,,0.0
30.0,10.005,0,0,0.0,0.0019,5,20.0,Cottreau1975,10B,NADP,8.0,37,0.1939,0.9995,30.0,0.0,0,0.0,530.2932,,,0.0
610.0,100.1,0,0,17.0,0.0157,6,20.0,Cottreau1975,13A,NADP,8.0,37,0.1939,0.0999,610.0,17.0,0,0.0,63.8399,Assay temperature 37C inferred (paper's fluorometric assays = 37C; spectrophotometric = 30C); not explicitly stated for Fig 13.,,0.0
610.0,39.841,0,0,17.0,0.0092,6,20.0,Cottreau1975,13A,NADP,8.0,37,0.1939,0.251,610.0,17.0,0,0.0,108.7463,,,0.0
610.0,20.08,0,0,17.0,0.0063,6,20.0,Cottreau1975,13A,NADP,8.0,37,0.1939,0.498,610.0,17.0,0,0.0,158.2556,,,0.0
610.0,39.92,0,0,45.0,0.0073,6,20.0,Cottreau1975,13A,NADP,8.0,37,0.1939,0.2505,610.0,45.0,0,0.0,137.5704,,,0.0
610.0,20.052,0,0,45.0,0.0045,6,20.0,Cottreau1975,13A,NADP,8.0,37,0.1939,0.4987,610.0,45.0,0,0.0,223.5022,,,0.0
610.0,100.503,0,0,93.0,0.0098,6,20.0,Cottreau1975,13A,NADP,8.0,37,0.1939,0.0995,610.0,93.0,0,0.0,101.9079,,,0.0
610.0,39.825,0,0,93.0,0.0058,6,20.0,Cottreau1975,13A,NADP,8.0,37,0.1939,0.2511,610.0,93.0,0,0.0,172.3664,,,0.0
610.0,20.129,0,0,93.0,0.0031,6,20.0,Cottreau1975,13A,NADP,8.0,37,0.1939,0.4968,610.0,93.0,0,0.0,318.6791,,,0.0
610.0,100.503,0,0,130.0,0.0085,6,20.0,Cottreau1975,13A,NADP,8.0,37,0.1939,0.0995,610.0,130.0,0,0.0,117.1332,,,0.0
610.0,40.048,0,0,130.0,0.004,6,20.0,Cottreau1975,13A,NADP,8.0,37,0.1939,0.2497,610.0,130.0,0,0.0,250.682,,,0.0
610.0,20.161,0,0,130.0,0.0024,6,20.0,Cottreau1975,13A,NADP,8.0,37,0.1939,0.496,610.0,130.0,0,0.0,409.4966,,,0.0
610.0,99.305,0,0,160.0,0.0064,6,20.0,Cottreau1975,13A,NADP,8.0,37,0.1939,0.1007,610.0,160.0,0,0.0,155.1871,,,0.0
610.0,40.032,0,0,160.0,0.0035,6,20.0,Cottreau1975,13A,NADP,8.0,37,0.1939,0.2498,610.0,160.0,0,0.0,284.3952,,,0.0
610.0,20.153,0,0,160.0,0.002,6,20.0,Cottreau1975,13A,NADP,8.0,37,0.1939,0.4962,610.0,160.0,0,0.0,498.1297,,,0.0
147.71,210.0,0,0,0.0,0.0184,7,20.0,Cottreau1975,13B,PGA,8.0,37,0.1939,210.0,0.0677,0.0,0,0.0,54.2069,Assay temperature 37C inferred (paper's fluorometric assays = 37C; spectrophotometric = 30C); not explicitly stated for Fig 13.,,0.0
100.908,210.0,0,0,0.0,0.0158,7,20.0,Cottreau1975,13B,PGA,8.0,37,0.1939,210.0,0.0991,0.0,0,0.0,63.3427,,,0.0
60.901,210.0,0,0,0.0,0.013,7,20.0,Cottreau1975,13B,PGA,8.0,37,0.1939,210.0,0.1642,0.0,0,0.0,77.0616,,,0.0
40.225,210.0,0,0,0.0,0.0106,7,20.0,Cottreau1975,13B,PGA,8.0,37,0.1939,210.0,0.2486,0.0,0,0.0,94.3392,,,0.0
33.367,210.0,0,0,0.0,0.0099,7,20.0,Cottreau1975,13B,PGA,8.0,37,0.1939,210.0,0.2997,0.0,0,0.0,101.4673,,,0.0
145.773,210.0,0,0,40.0,0.0142,7,20.0,Cottreau1975,13B,PGA,8.0,37,0.1939,210.0,0.0686,40.0,0,0.0,70.402,,,0.0
100.503,210.0,0,0,40.0,0.0118,7,20.0,Cottreau1975,13B,PGA,8.0,37,0.1939,210.0,0.0995,40.0,0,0.0,85.1042,,CO2 and 6PGA concentration taken directly from caption text,0.0
61.087,210.0,0,0,40.0,0.0097,7,20.0,Cottreau1975,13B,PGA,8.0,37,0.1939,210.0,0.1637,40.0,0,0.0,102.8708,,,0.0
40.225,210.0,0,0,40.0,0.0084,7,20.0,Cottreau1975,13B,PGA,8.0,37,0.1939,210.0,0.2486,40.0,0,0.0,119.3898,,,0.0
33.58,210.0,0,0,40.0,0.0071,7,20.0,Cottreau1975,13B,PGA,8.0,37,0.1939,210.0,0.2978,40.0,0,0.0,140.9394,,,0.0
146.843,210.0,0,0,80.0,0.011,7,20.0,Cottreau1975,13B,PGA,8.0,37,0.1939,210.0,0.0681,80.0,0,0.0,90.6445,,,0.0
101.317,210.0,0,0,80.0,0.0097,7,20.0,Cottreau1975,13B,PGA,8.0,37,0.1939,210.0,0.0987,80.0,0,0.0,102.816,,,0.0
61.087,210.0,0,0,80.0,0.0077,7,20.0,Cottreau1975,13B,PGA,8.0,37,0.1939,210.0,0.1637,80.0,0,0.0,130.7049,,,0.0
40.177,210.0,0,0,80.0,0.0066,7,20.0,Cottreau1975,13B,PGA,8.0,37,0.1939,210.0,0.2489,80.0,0,0.0,152.5378,,,0.0
33.434,210.0,0,0,80.0,0.0056,7,20.0,Cottreau1975,13B,PGA,8.0,37,0.1939,210.0,0.2991,80.0,0,0.0,177.3778,,,0.0
146.628,210.0,0,0,150.0,0.0074,7,20.0,Cottreau1975,13B,PGA,8.0,37,0.1939,210.0,0.0682,150.0,0,0.0,135.179,,,0.0
100.1,210.0,0,0,150.0,0.0062,7,20.0,Cottreau1975,13B,PGA,8.0,37,0.1939,210.0,0.0999,150.0,0,0.0,160.5094,,,0.0
60.901,210.0,0,0,150.0,0.0052,7,20.0,Cottreau1975,13B,PGA,8.0,37,0.1939,210.0,0.1642,150.0,0,0.0,192.9523,,,0.0
40.7,210.0,0,0,150.0,0.0041,7,20.0,Cottreau1975,13B,PGA,8.0,37,0.1939,210.0,0.2457,150.0,0,0.0,242.1101,,,0.0
33.636,210.0,0,0,150.0,0.0039,7,20.0,Cottreau1975,13B,PGA,8.0,37,0.1939,210.0,0.2973,150.0,0,0.0,258.0949,,,0.0
1000.0,101.049,0,0,0.0,0.0724,8,10.0,Pearse1973,12,NADP,8.0,25,0.079,9.8962,1.0,0.0,0,0.0,13.8158,raw concentration data given in mM,,0.0
1000.0,66.405,0,0,0.0,0.0612,8,10.0,Pearse1973,12,NADP,8.0,25,0.079,15.0591,1.0,0.0,0,0.0,16.3377,,,0.0
1000.0,33.337,0,0,0.0,0.0463,8,10.0,Pearse1973,12,NADP,8.0,25,0.079,29.9963,1.0,0.0,0,0.0,21.6009,,,0.0
1000.0,15.9,0,0,0.0,0.0293,8,10.0,Pearse1973,12,NADP,8.0,25,0.079,62.892,1.0,0.0,0,0.0,34.1009,,,0.0
1000.0,99.903,0,0,33.0,0.0583,8,10.0,Pearse1973,12,NADP,8.0,25,0.079,10.0097,1.0,0.033,0,0.0,17.1601,,,0.0
1000.0,66.873,0,0,33.0,0.0493,8,10.0,Pearse1973,12,NADP,8.0,25,0.079,14.9537,1.0,0.033,0,0.0,20.2851,,,0.0
1000.0,33.45,0,0,33.0,0.034,8,10.0,Pearse1973,12,NADP,8.0,25,0.079,29.895,1.0,0.033,0,0.0,29.386,,,0.0
1000.0,15.88,0,0,33.0,0.018,8,10.0,Pearse1973,12,NADP,8.0,25,0.079,62.9705,1.0,0.033,0,0.0,55.5921,,,0.0
1000.0,102.096,0,0,67.0,0.0468,8,10.0,Pearse1973,12,NADP,8.0,25,0.079,9.7947,1.0,0.067,0,0.0,21.3816,,,0.0
1000.0,66.845,0,0,67.0,0.0383,8,10.0,Pearse1973,12,NADP,8.0,25,0.079,14.96,1.0,0.067,0,0.0,26.0965,,,0.0
1000.0,33.69,0,0,67.0,0.0277,8,10.0,Pearse1973,12,NADP,8.0,25,0.079,29.6828,1.0,0.067,0,0.0,36.0746,,,0.0
1000.0,15.902,0,0,67.0,0.0128,8,10.0,Pearse1973,12,NADP,8.0,25,0.079,62.8856,1.0,0.067,0,0.0,78.2895,,CO2 and NADP concentration taken directly from caption text,0.0
1000.0,99.822,0,0,100.0,0.0407,8,10.0,Pearse1973,12,NADP,8.0,25,0.079,10.0178,1.0,0.1,0,0.0,24.5614,,,0.0
1000.0,67.815,0,0,100.0,0.032,8,10.0,Pearse1973,12,NADP,8.0,25,0.079,14.7461,1.0,0.1,0,0.0,31.25,,,0.0
1000.0,33.425,0,0,100.0,0.02,8,10.0,Pearse1973,12,NADP,8.0,25,0.079,29.9178,1.0,0.1,0,0.0,50.1096,,,0.0
1000.0,15.896,0,0,100.0,0.01,8,10.0,Pearse1973,12,NADP,8.0,25,0.079,62.9094,1.0,0.1,0,0.0,99.9452,,,0.0
1000.0,100.0,0,0,0.0,0.076,9,10.0,Pearse1973,13,NADP,8.0,25,0.079,0.1,1.0,0.0,0,0.0,13.1554,,,0.0
1000.0,100.0,0,0,32.6,0.0598,9,10.0,Pearse1973,13,NADP,8.0,25,0.079,0.1,1.0,0.0326,0,0.0,16.7188,,,0.0
1000.0,100.0,0,0,65.9,0.0467,9,10.0,Pearse1973,13,NADP,8.0,25,0.079,0.1,1.0,0.0659,0,0.0,21.4123,,,0.0
1000.0,100.0,0,0,100.0,0.0399,9,10.0,Pearse1973,13,NADP,8.0,25,0.079,0.1,1.0,0.1,0,0.0,25.0771,,,0.0
1000.0,67.0,0,0,0.0,0.0608,9,10.0,Pearse1973,13,NADP,8.0,25,0.079,0.067,1.0,0.0,0,0.0,16.4443,,,0.0
1000.0,67.0,0,0,32.6,0.0492,9,10.0,Pearse1973,13,NADP,8.0,25,0.079,0.067,1.0,0.0326,0,0.0,20.3159,,,0.0
1000.0,67.0,0,0,65.8,0.0386,9,10.0,Pearse1973,13,NADP,8.0,25,0.079,0.067,1.0,0.0658,0,0.0,25.9345,,,0.0
1000.0,67.0,0,0,99.6,0.0325,9,10.0,Pearse1973,13,NADP,8.0,25,0.079,0.067,1.0,0.0996,0,0.0,30.7301,,,0.0
1000.0,33.0,0,0,0.0,0.0482,9,10.0,Pearse1973,13,NADP,8.0,25,0.079,0.033,1.0,0.0,0,0.0,20.7611,,,0.0
1000.0,33.0,0,0,32.8,0.0348,9,10.0,Pearse1973,13,NADP,8.0,25,0.079,0.033,1.0,0.0328,0,0.0,28.7433,,,0.0
1000.0,33.0,0,0,65.6,0.0286,9,10.0,Pearse1973,13,NADP,8.0,25,0.079,0.033,1.0,0.0656,0,0.0,34.9274,,,0.0
1000.0,33.0,0,0,99.0,0.0204,9,10.0,Pearse1973,13,NADP,8.0,25,0.079,0.033,1.0,0.099,0,0.0,48.9219,,,0.0
1000.0,16.0,0,0,0.0,0.0305,9,10.0,Pearse1973,13,NADP,8.0,25,0.079,0.016,1.0,0.0,0,0.0,32.7338,,,0.0
1000.0,16.0,0,0,33.0,0.0177,9,10.0,Pearse1973,13,NADP,8.0,25,0.079,0.016,1.0,0.033,0,0.0,56.5437,,,0.0
1000.0,16.0,0,0,66.6,0.0127,9,10.0,Pearse1973,13,NADP,8.0,25,0.079,0.016,1.0,0.0666,0,0.0,78.4516,,,0.0
1000.0,16.0,0,0,99.7,0.01,9,10.0,Pearse1973,13,NADP,8.0,25,0.079,0.016,1.0,0.0997,0,0.0,100.2058,,,0.0
666.667,160.0,0,0,0.0,3.642,10,15.0,Ceyhan2005,6,PGA,7.7,37,0.1939,160.0,0.0015,0.0,0,0.0,0.2746,mM units in figure appear to be a typo. Likely to be uM,,0.0
322.581,160.0,0,0,0.0,2.401,10,15.0,Ceyhan2005,6,PGA,7.7,37,0.1939,160.0,0.0031,0.0,0,0.0,0.4165,,,0.0
161.29,160.0,0,0,0.0,1.497,10,15.0,Ceyhan2005,6,PGA,7.7,37,0.1939,160.0,0.0062,0.0,0,0.0,0.6682,,,0.0
80.0,160.0,0,0,0.0,0.892,10,15.0,Ceyhan2005,6,PGA,7.7,37,0.1939,160.0,0.0125,0.0,0,0.0,1.1213,,,0.0
40.0,160.0,0,0,0.0,0.471,10,15.0,Ceyhan2005,6,PGA,7.7,37,0.1939,160.0,0.025,0.0,0,0.0,2.1236,,CO2 and NADP concentration taken directly from caption text,0.0
666.667,80.0,0,0,0.0,2.731,10,15.0,Ceyhan2005,6,PGA,7.7,37,0.1939,80.0,0.0015,0.0,0,0.0,0.3661,,,0.0
322.581,80.0,0,0,0.0,2.023,10,15.0,Ceyhan2005,6,PGA,7.7,37,0.1939,80.0,0.0031,0.0,0,0.0,0.4943,,,0.0
161.29,80.0,0,0,0.0,1.308,10,15.0,Ceyhan2005,6,PGA,7.7,37,0.1939,80.0,0.0062,0.0,0,0.0,0.7643,,,0.0
80.0,80.0,0,0,0.0,0.786,10,15.0,Ceyhan2005,6,PGA,7.7,37,0.1939,80.0,0.0125,0.0,0,0.0,1.2723,,,0.0
40.0,80.0,0,0,0.0,0.451,10,15.0,Ceyhan2005,6,PGA,7.7,37,0.1939,80.0,0.025,0.0,0,0.0,2.2151,,,0.0
666.667,40.0,0,0,0.0,2.142,10,15.0,Ceyhan2005,6,PGA,7.7,37,0.1939,40.0,0.0015,0.0,0,0.0,0.4668,,,0.0
322.581,40.0,0,0,0.0,1.539,10,15.0,Ceyhan2005,6,PGA,7.7,37,0.1939,40.0,0.0031,0.0,0,0.0,0.6499,,,0.0
161.29,40.0,0,0,0.0,0.98,10,15.0,Ceyhan2005,6,PGA,7.7,37,0.1939,40.0,0.0062,0.0,0,0.0,1.0206,,,0.0
80.0,40.0,0,0,0.0,0.538,10,15.0,Ceyhan2005,6,PGA,7.7,37,0.1939,40.0,0.0125,0.0,0,0.0,1.8581,,,0.0
40.0,40.0,0,0,0.0,0.323,10,15.0,Ceyhan2005,6,PGA,7.7,37,0.1939,40.0,0.025,0.0,0,0.0,3.0938,,,0.0
666.667,20.0,0,0,0.0,1.457,10,15.0,Ceyhan2005,6,PGA,7.7,37,0.1939,20.0,0.0015,0.0,0,0.0,0.6865,,,0.0
322.581,20.0,0,0,0.0,0.984,10,15.0,Ceyhan2005,6,PGA,7.7,37,0.1939,20.0,0.0031,0.0,0,0.0,1.016,,,0.0
161.29,20.0,0,0,0.0,0.614,10,15.0,Ceyhan2005,6,PGA,7.7,37,0.1939,20.0,0.0062,0.0,0,0.0,1.6293,,,0.0
80.0,20.0,0,0,0.0,0.363,10,15.0,Ceyhan2005,6,PGA,7.7,37,0.1939,20.0,0.0125,0.0,0,0.0,2.7551,,,0.0
40.0,20.0,0,0,0.0,0.194,10,15.0,Ceyhan2005,6,PGA,7.7,37,0.1939,20.0,0.025,0.0,0,0.0,5.1579,,,0.0
666.667,10.0,0,0,0.0,0.844,10,15.0,Ceyhan2005,6,PGA,7.7,37,0.1939,10.0,0.0015,0.0,0,0.0,1.1854,,,0.0
322.581,10.0,0,0,0.0,0.67,10,15.0,Ceyhan2005,6,PGA,7.7,37,0.1939,10.0,0.0031,0.0,0,0.0,1.492,,,0.0
161.29,10.0,0,0,0.0,0.434,10,15.0,Ceyhan2005,6,PGA,7.7,37,0.1939,10.0,0.0062,0.0,0,0.0,2.3066,,,0.0
80.0,10.0,0,0,0.0,0.236,10,15.0,Ceyhan2005,6,PGA,7.7,37,0.1939,10.0,0.0125,0.0,0,0.0,4.238,,,0.0
40.0,10.0,0,0,0.0,0.128,10,15.0,Ceyhan2005,6,PGA,7.7,37,0.1939,10.0,0.025,0.0,0,0.0,7.8169,,,0.0
640.0,158.73,0,0,0.0,3.778,11,15.0,Ceyhan2005,7,NADP,7.7,37,0.1939,0.0063,640.0,0.0,0,0.0,0.2647,,,0.0
640.0,79.365,0,0,0.0,3.009,11,15.0,Ceyhan2005,7,NADP,7.7,37,0.1939,0.0126,640.0,0.0,0,0.0,0.3323,,,0.0
640.0,40.0,0,0,0.0,2.204,11,15.0,Ceyhan2005,7,NADP,7.7,37,0.1939,0.025,640.0,0.0,0,0.0,0.4538,,,0.0
640.0,20.0,0,0,0.0,1.493,11,15.0,Ceyhan2005,7,NADP,7.7,37,0.1939,0.05,640.0,0.0,0,0.0,0.6699,,,0.0
320.0,161.29,0,0,0.0,2.343,11,15.0,Ceyhan2005,7,NADP,7.7,37,0.1939,0.0062,320.0,0.0,0,0.0,0.4268,,[NADP] raw given in mM,0.0
320.0,80.0,0,0,0.0,2.08,11,15.0,Ceyhan2005,7,NADP,7.7,37,0.1939,0.0125,320.0,0.0,0,0.0,0.4808,,,0.0
320.0,40.161,0,0,0.0,1.542,11,15.0,Ceyhan2005,7,NADP,7.7,37,0.1939,0.0249,320.0,0.0,0,0.0,0.6483,,,0.0
320.0,20.04,0,0,0.0,0.985,11,15.0,Ceyhan2005,7,NADP,7.7,37,0.1939,0.0499,320.0,0.0,0,0.0,1.0157,,,0.0
160.0,161.29,0,0,0.0,1.505,11,15.0,Ceyhan2005,7,NADP,7.7,37,0.1939,0.0062,160.0,0.0,0,0.0,0.6645,,,0.0
160.0,80.0,0,0,0.0,1.303,11,15.0,Ceyhan2005,7,NADP,7.7,37,0.1939,0.0125,160.0,0.0,0,0.0,0.7672,,,0.0
160.0,40.161,0,0,0.0,0.985,11,15.0,Ceyhan2005,7,NADP,7.7,37,0.1939,0.0249,160.0,0.0,0,0.0,1.0157,,,0.0
160.0,20.04,0,0,0.0,0.617,11,15.0,Ceyhan2005,7,NADP,7.7,37,0.1939,0.0499,160.0,0.0,0,0.0,1.6207,,,0.0
80.0,161.29,0,0,0.0,0.899,11,15.0,Ceyhan2005,7,NADP,7.7,37,0.1939,0.0062,80.0,0.0,0,0.0,1.1129,,,0.0
80.0,80.0,0,0,0.0,0.791,11,15.0,Ceyhan2005,7,NADP,7.7,37,0.1939,0.0125,80.0,0.0,0,0.0,1.2642,,,0.0
80.0,40.161,0,0,0.0,0.54,11,15.0,Ceyhan2005,7,NADP,7.7,37,0.1939,0.0249,80.0,0.0,0,0.0,1.8531,,,0.0
80.0,20.04,0,0,0.0,0.365,11,15.0,Ceyhan2005,7,NADP,7.7,37,0.1939,0.0499,80.0,0.0,0,0.0,2.7391,,,0.0
40.0,161.29,0,0,0.0,0.471,11,15.0,Ceyhan2005,7,NADP,7.7,37,0.1939,0.0062,40.0,0.0,0,0.0,2.1232,,,0.0
40.0,80.0,0,0,0.0,0.454,11,15.0,Ceyhan2005,7,NADP,7.7,37,0.1939,0.0125,40.0,0.0,0,0.0,2.2042,,,0.0
40.0,40.161,0,0,0.0,0.325,11,15.0,Ceyhan2005,7,NADP,7.7,37,0.1939,0.0249,40.0,0.0,0,0.0,3.0794,,,0.0
40.0,20.04,0,0,0.0,0.193,11,15.0,Ceyhan2005,7,NADP,7.7,37,0.1939,0.0499,40.0,0.0,0,0.0,5.1756,,,0.0
500.0,20.0,0,0,0.0,0.429,12,22.8,Weisz1985,5A,NADP,8.6,30,0.1158,500.0,50.0032,0.0,0,0.0,2.3306,,,0.0
500.0,12.54,0,0,0.0,0.392,12,22.8,Weisz1985,5A,NADP,8.6,30,0.1158,500.0,79.7513,0.0,0,0.0,2.5534,,,0.0
500.0,9.12,0,0,0.0,0.358,12,22.8,Weisz1985,5A,NADP,8.6,30,0.1158,500.0,109.6987,0.0,0,0.0,2.7924,,,0.0
500.0,7.02,0,0,0.0,0.335,12,22.8,Weisz1985,5A,NADP,8.6,30,0.1158,500.0,142.5293,0.0,0,0.0,2.9829,,,0.0
500.0,5.74,0,0,0.0,0.314,12,22.8,Weisz1985,5A,NADP,8.6,30,0.1158,500.0,174.3657,0.0,0,0.0,3.1896,,,0.0
500.0,20.03,0,0,10.0,0.339,12,22.8,Weisz1985,5A,NADP,8.6,30,0.1158,500.0,49.9222,0.0,0,10.0,2.9485,,,0.0
500.0,12.6,0,0,10.0,0.288,12,22.8,Weisz1985,5A,NADP,8.6,30,0.1158,500.0,79.3808,0.0,0,10.0,3.472,,,0.0
500.0,9.11,0,0,10.0,0.251,12,22.8,Weisz1985,5A,NADP,8.6,30,0.1158,500.0,109.7341,0.0,0,10.0,3.9794,,,0.0
500.0,7.02,0,0,10.0,0.218,12,22.8,Weisz1985,5A,NADP,8.6,30,0.1158,500.0,142.3782,0.0,0,10.0,4.5845,,,0.0
500.0,5.75,0,0,10.0,0.192,12,22.8,Weisz1985,5A,NADP,8.6,30,0.1158,500.0,173.9286,0.0,0,10.0,5.2058,,,0.0
500.0,20.06,0,0,20.0,0.288,12,22.8,Weisz1985,5A,NADP,8.6,30,0.1158,500.0,49.8383,0.0,0,20.0,3.4688,,,0.0
500.0,12.55,0,0,20.0,0.232,12,22.8,Weisz1985,5A,NADP,8.6,30,0.1158,500.0,79.7044,0.0,0,20.0,4.3176,,,0.0
500.0,9.13,0,0,20.0,0.191,12,22.8,Weisz1985,5A,NADP,8.6,30,0.1158,500.0,109.5726,0.0,0,20.0,5.2314,,,0.0
500.0,7.02,0,0,20.0,0.163,12,22.8,Weisz1985,5A,NADP,8.6,30,0.1158,500.0,142.4248,0.0,0,20.0,6.1455,,,0.0
500.0,5.71,0,0,20.0,0.141,12,22.8,Weisz1985,5A,NADP,8.6,30,0.1158,500.0,174.9788,0.0,0,20.0,7.0677,,,0.0
500.0,20.06,0,0,30.0,0.248,12,22.8,Weisz1985,5A,NADP,8.6,30,0.1158,500.0,49.8552,0.0,0,30.0,4.0379,,,0.0
500.0,12.57,0,0,30.0,0.202,12,22.8,Weisz1985,5A,NADP,8.6,30,0.1158,500.0,79.5244,0.0,0,30.0,4.9517,,,0.0
500.0,9.11,0,0,30.0,0.159,12,22.8,Weisz1985,5A,NADP,8.6,30,0.1158,500.0,109.8035,0.0,0,30.0,6.3046,,,0.0
500.0,7.04,0,0,30.0,0.132,12,22.8,Weisz1985,5A,NADP,8.6,30,0.1158,500.0,141.9708,0.0,0,30.0,7.6008,,,0.0
500.0,5.76,0,0,30.0,0.109,12,22.8,Weisz1985,5A,NADP,8.6,30,0.1158,500.0,173.6498,0.0,0,30.0,9.1977,,,0.0
500.0,20.09,0,0,40.0,0.208,12,22.8,Weisz1985,5A,NADP,8.6,30,0.1158,500.0,49.7786,0.0,0,40.0,4.8021,,,0.0
500.0,12.52,0,0,40.0,0.165,12,22.8,Weisz1985,5A,NADP,8.6,30,0.1158,500.0,79.8563,0.0,0,40.0,6.0737,,,0.0
500.0,9.12,0,0,40.0,0.125,12,22.8,Weisz1985,5A,NADP,8.6,30,0.1158,500.0,109.6546,0.0,0,40.0,7.9794,,,0.0
500.0,7.05,0,0,40.0,0.105,12,22.8,Weisz1985,5A,NADP,8.6,30,0.1158,500.0,141.9301,0.0,0,40.0,9.5682,,,0.0
500.0,5.75,0,0,40.0,0.096,12,22.8,Weisz1985,5A,NADP,8.6,30,0.1158,500.0,173.8839,0.0,0,40.0,10.3766,,,0.0
143.53,10.0,0,0,0.0,0.185,13,22.8,Weisz1985,5B,PGA,8.6,30,0.1158,6.9672,10.0,0.0,0,0.0,5.4111,,,0.0
70.53,10.0,0,0,0.0,0.16,13,22.8,Weisz1985,5B,PGA,8.6,30,0.1158,14.1791,10.0,0.0,0,0.0,6.2667,,,0.0
48.11,10.0,0,0,0.0,0.129,13,22.8,Weisz1985,5B,PGA,8.6,30,0.1158,20.7842,10.0,0.0,0,0.0,7.7476,,,0.0
36.07,10.0,0,0,0.0,0.115,13,22.8,Weisz1985,5B,PGA,8.6,30,0.1158,27.7203,10.0,0.0,0,0.0,8.6907,,,0.0
28.98,10.0,0,0,0.0,0.104,13,22.8,Weisz1985,5B,PGA,8.6,30,0.1158,34.5019,10.0,0.0,0,0.0,9.5835,,,0.0
23.92,10.0,0,0,0.0,0.101,13,22.8,Weisz1985,5B,PGA,8.6,30,0.1158,41.7981,10.0,0.0,0,0.0,9.8634,specific activity reported in doi: 10.1042/bj1150639,,0.0
140.53,10.0,0,0,5.0,0.138,13,22.8,Weisz1985,5B,PGA,8.6,30,0.1158,7.1158,10.0,0.0,0,5.0,7.251,,,0.0
70.65,10.0,0,0,5.0,0.112,13,22.8,Weisz1985,5B,PGA,8.6,30,0.1158,14.1543,10.0,0.0,0,5.0,8.92,,,0.0
48.18,10.0,0,0,5.0,0.098,13,22.8,Weisz1985,5B,PGA,8.6,30,0.1158,20.7566,10.0,0.0,0,5.0,10.2007,,,0.0
35.95,10.0,0,0,5.0,0.087,13,22.8,Weisz1985,5B,PGA,8.6,30,0.1158,27.8198,10.0,0.0,0,5.0,11.4316,,,0.0
28.92,10.0,0,0,5.0,0.077,13,22.8,Weisz1985,5B,PGA,8.6,30,0.1158,34.5798,10.0,0.0,0,5.0,12.9878,,,0.0
23.94,10.0,0,0,5.0,0.067,13,22.8,Weisz1985,5B,PGA,8.6,30,0.1158,41.7762,10.0,0.0,0,5.0,14.9448,,,0.0
140.22,10.0,0,0,10.0,0.119,13,22.8,Weisz1985,5B,PGA,8.6,30,0.1158,7.1319,10.0,0.0,0,10.0,8.4149,,,0.0
70.29,10.0,0,0,10.0,0.104,13,22.8,Weisz1985,5B,PGA,8.6,30,0.1158,14.2259,10.0,0.0,0,10.0,9.6459,,,0.0
48.09,10.0,0,0,10.0,0.077,13,22.8,Weisz1985,5B,PGA,8.6,30,0.1158,20.7951,10.0,0.0,0,10.0,12.9792,,,0.0
35.93,10.0,0,0,10.0,0.068,13,22.8,Weisz1985,5B,PGA,8.6,30,0.1158,27.8334,10.0,0.0,0,10.0,14.6357,,,0.0
28.93,10.0,0,0,10.0,0.061,13,22.8,Weisz1985,5B,PGA,8.6,30,0.1158,34.5654,10.0,0.0,0,10.0,16.3921,,,0.0
23.9,10.0,0,0,10.0,0.059,13,22.8,Weisz1985,5B,PGA,8.6,30,0.1158,41.8333,10.0,0.0,0,10.0,16.8472,,,0.0
144.92,10.0,0,0,15.0,0.106,13,22.8,Weisz1985,5B,PGA,8.6,30,0.1158,6.9003,10.0,0.0,0,15.0,9.4661,,,0.0
71.35,10.0,0,0,15.0,0.081,13,22.8,Weisz1985,5B,PGA,8.6,30,0.1158,14.0161,10.0,0.0,0,15.0,12.2741,,,0.0
48.46,10.0,0,0,15.0,0.067,13,22.8,Weisz1985,5B,PGA,8.6,30,0.1158,20.6368,10.0,0.0,0,15.0,14.8815,,,0.0
36.19,10.0,0,0,15.0,0.056,13,22.8,Weisz1985,5B,PGA,8.6,30,0.1158,27.6327,10.0,0.0,0,15.0,17.9146,"no specific activity reported. Raw [NADPH] reported as 1/[NADPH], but concentraions are given explicitly and explicit values are used for data fitting. Raw rate reported as [E]/v",,0.0
28.99,10.0,0,0,15.0,0.05,13,22.8,Weisz1985,5B,PGA,8.6,30,0.1158,34.4933,10.0,0.0,0,15.0,20.0716,,,0.0
23.97,10.0,0,0,15.0,0.046,13,22.8,Weisz1985,5B,PGA,8.6,30,0.1158,41.7138,10.0,0.0,0,15.0,21.553,,,0.0
141.79,10.0,0,0,20.0,0.086,13,22.8,Weisz1985,5B,PGA,8.6,30,0.1158,7.0527,10.0,0.0,0,20.0,11.5813,,,0.0
70.49,10.0,0,0,20.0,0.074,13,22.8,Weisz1985,5B,PGA,8.6,30,0.1158,14.1861,10.0,0.0,0,20.0,13.4381,,,0.0
48.17,10.0,0,0,20.0,0.058,13,22.8,Weisz1985,5B,PGA,8.6,30,0.1158,20.7617,10.0,0.0,0,20.0,17.2345,,,0.0
36.07,10.0,0,0,20.0,0.05,13,22.8,Weisz1985,5B,PGA,8.6,30,0.1158,27.724,10.0,0.0,0,20.0,20.0674,,,0.0
28.91,10.0,0,0,20.0,0.044,13,22.8,Weisz1985,5B,PGA,8.6,30,0.1158,34.5898,10.0,0.0,0,20.0,22.5998,,,0.0
23.96,10.0,0,0,20.0,0.042,13,22.8,Weisz1985,5B,PGA,8.6,30,0.1158,41.7422,10.0,0.0,0,20.0,23.6056,,,0.0
50.0,20.22974926,0,0,0.0,0.070623364,14,22.8,Weisz1985,6A,NADP,7.0,30,0.1158,,49.43215,0.0,0,0.0,14.15962,,,0.0
50.0,12.57224167,0,0,0.0,0.068716715,14,22.8,Weisz1985,6A,NADP,7.0,30,0.1158,,79.54031,0.0,0,0.0,14.5525,,,0.0
50.0,9.121894508,0,0,0.0,0.064890948,14,22.8,Weisz1985,6A,NADP,7.0,30,0.1158,,109.62635,0.0,0,0.0,15.41047,,,0.0
50.0,7.062009742,0,0,0.0,0.060500496,14,22.8,Weisz1985,6A,NADP,7.0,30,0.1158,,141.60275,0.0,0,0.0,16.52879,,,0.0
50.0,5.750961403,0,0,0.0,0.055847763,14,22.8,Weisz1985,6A,NADP,7.0,30,0.1158,,173.88397,0.0,0,0.0,17.90582,,,0.0
50.0,20.18758302,550,0,0.0,0.053602489,14,22.8,Weisz1985,6A,NADP,7.0,30,0.1158,,49.5354,550.0,0,0.0,18.65585,,,0.0
50.0,12.66540063,550,0,0.0,0.049541813,14,22.8,Weisz1985,6A,NADP,7.0,30,0.1158,,78.95526,550.0,0,0.0,20.18497,,,0.0
50.0,9.150621053,550,0,0.0,0.044159371,14,22.8,Weisz1985,6A,NADP,7.0,30,0.1158,,109.2822,550.0,0,0.0,22.64525,"no specific activity reported. Raw [NADPH] reported as 1/[NADPH], but concentraions are given explicitly and explicit values are used for data fitting. Raw rate reported as [E]/v",,0.0
50.0,7.031857761,550,0,0.0,0.042079466,14,22.8,Weisz1985,6A,NADP,7.0,30,0.1158,,142.20993,550.0,0,0.0,23.76456,,,0.0
50.0,5.731595789,550,0,0.0,0.03913127,14,22.8,Weisz1985,6A,NADP,7.0,30,0.1158,,174.47148,550.0,0,0.0,25.55501,,,0.0
50.0,19.947534,1100,0,0.0,0.043877296,14,22.8,Weisz1985,6A,NADP,7.0,30,0.1158,,50.13151,1100.0,0,0.0,22.79083,,,0.0
50.0,12.54587556,1100,0,0.0,0.041031044,14,22.8,Weisz1985,6A,NADP,7.0,30,0.1158,,79.70747,1100.0,0,0.0,24.37179,,,0.0
50.0,9.140751114,1100,0,0.0,0.037269738,14,22.8,Weisz1985,6A,NADP,7.0,30,0.1158,,109.4002,1100.0,0,0.0,26.83142,,,0.0
50.0,7.05074868,1100,0,0.0,0.031471778,14,22.8,Weisz1985,6A,NADP,7.0,30,0.1158,,141.82891,1100.0,0,0.0,31.7745,,,0.0
50.0,5.76571457,1100,0,0.0,0.029475883,14,22.8,Weisz1985,6A,NADP,7.0,30,0.1158,,173.43904,1100.0,0,0.0,33.92604,,,0.0
50.0,19.85164863,1650,0,0.0,0.036100249,14,22.8,Weisz1985,6A,NADP,7.0,30,0.1158,,50.37365,1650.0,0,0.0,27.70064,,,0.0
50.0,12.50537888,1650,0,0.0,0.030979865,14,22.8,Weisz1985,6A,NADP,7.0,30,0.1158,,79.96559,1650.0,0,0.0,32.27903,,,0.0
50.0,9.202370715,1650,0,0.0,0.028117919,14,22.8,Weisz1985,6A,NADP,7.0,30,0.1158,,108.66765,1650.0,0,0.0,35.56451,,,0.0
50.0,7.050504598,1650,0,0.0,0.02608391,14,22.8,Weisz1985,6A,NADP,7.0,30,0.1158,,141.83382,1650.0,0,0.0,38.33781,,,0.0
50.0,5.749173341,1650,0,0.0,0.023022595,14,22.8,Weisz1985,6A,NADP,7.0,30,0.1158,,173.93805,1650.0,0,0.0,43.43559,,,0.0
50.0,20.06411689,2200,0,0.0,0.031009771,14,22.8,Weisz1985,6A,NADP,7.0,30,0.1158,,49.84022,2200.0,0,0.0,32.2479,,,0.0
50.0,12.6018402,2200,0,0.0,0.02598756,14,22.8,Weisz1985,6A,NADP,7.0,30,0.1158,,79.35349,2200.0,0,0.0,38.47995,,,0.0
50.0,9.196337577,2200,0,0.0,0.02455039,14,22.8,Weisz1985,6A,NADP,7.0,30,0.1158,,108.73894,2200.0,0,0.0,40.73255,,,0.0
50.0,7.117861248,2200,0,0.0,0.021480671,14,22.8,Weisz1985,6A,NADP,7.0,30,0.1158,,140.49164,2200.0,0,0.0,46.55348,,,0.0
50.0,5.774553908,2200,0,0.0,0.018924881,14,22.8,Weisz1985,6A,NADP,7.0,30,0.1158,,173.17355,2200.0,0,0.0,52.84049,,,0.0
2000.0,19.94634831,0,0,0.0,0.139562861,15,22.8,Weisz1985,6B,NADP,7.0,30,0.1158,,50.13449,0.0,0,0.0,7.16523,,,0.0
2000.0,12.45350174,0,0,0.0,0.128055074,15,22.8,Weisz1985,6B,NADP,7.0,30,0.1158,,80.2987,0.0,0,0.0,7.80914,,,0.0
2000.0,9.100220271,0,0,0.0,0.108838088,15,22.8,Weisz1985,6B,NADP,7.0,30,0.1158,,109.88745,0.0,0,0.0,9.18796,,,0.0
2000.0,7.000508797,0,0,0.0,0.101700224,15,22.8,Weisz1985,6B,NADP,7.0,30,0.1158,,142.84676,0.0,0,0.0,9.83282,,,0.0
2000.0,5.718802915,0,0,0.0,0.097327769,15,22.8,Weisz1985,6B,NADP,7.0,30,0.1158,,174.86177,0.0,0,0.0,10.27456,,,0.0
2000.0,19.90072721,550,0,0.0,0.110917375,15,22.8,Weisz1985,6B,NADP,7.0,30,0.1158,,50.24942,550.0,0,0.0,9.01572,,,0.0
2000.0,12.42961729,550,0,0.0,0.097150102,15,22.8,Weisz1985,6B,NADP,7.0,30,0.1158,,80.453,550.0,0,0.0,10.29335,,,0.0
2000.0,9.088370131,550,0,0.0,0.086996389,15,22.8,Weisz1985,6B,NADP,7.0,30,0.1158,,110.03073,550.0,0,0.0,11.49473,,,0.0
2000.0,7.02152075,550,0,0.0,0.077216857,15,22.8,Weisz1985,6B,NADP,7.0,30,0.1158,,142.41929,550.0,0,0.0,12.95054,,,0.0
2000.0,5.720515519,550,0,0.0,0.069291858,15,22.8,Weisz1985,6B,NADP,7.0,30,0.1158,,174.80942,550.0,0,0.0,14.43171,,,0.0
2000.0,20.09369691,1100,0,0.0,0.088918766,15,22.8,Weisz1985,6B,NADP,7.0,30,0.1158,,49.76685,1100.0,0,0.0,11.24622,,,0.0
2000.0,12.50609985,1100,0,0.0,0.080829178,15,22.8,Weisz1985,6B,NADP,7.0,30,0.1158,,79.96098,1100.0,0,0.0,12.37177,,,0.0
2000.0,9.084551557,1100,0,0.0,0.067845551,15,22.8,Weisz1985,6B,NADP,7.0,30,0.1158,,110.07698,1100.0,0,0.0,14.73936,,,0.0
2000.0,6.949798685,1100,0,0.0,0.060190563,15,22.8,Weisz1985,6B,NADP,7.0,30,0.1158,,143.88906,1100.0,0,0.0,16.6139,,,0.0
2000.0,5.734072524,1100,0,0.0,0.056250657,15,22.8,Weisz1985,6B,NADP,7.0,30,0.1158,,174.39612,1100.0,0,0.0,17.77757,,,0.0
2000.0,19.93523838,1650,0,0.0,0.079269578,15,22.8,Weisz1985,6B,NADP,7.0,30,0.1158,,50.16243,1650.0,0,0.0,12.61518,,,0.0
2000.0,12.48593927,1650,0,0.0,0.069202285,15,22.8,Weisz1985,6B,NADP,7.0,30,0.1158,,80.09009,1650.0,0,0.0,14.45039,,,0.0
2000.0,9.083204057,1650,0,0.0,0.057135152,15,22.8,Weisz1985,6B,NADP,7.0,30,0.1158,,110.09331,1650.0,0,0.0,17.50236,,,0.0
2000.0,7.00000749,1650,0,0.0,0.050006026,15,22.8,Weisz1985,6B,NADP,7.0,30,0.1158,,142.85699,1650.0,0,0.0,19.99759,,,0.0
2000.0,5.715843363,1650,0,0.0,0.046014818,15,22.8,Weisz1985,6B,NADP,7.0,30,0.1158,,174.95231,1650.0,0,0.0,21.73213,,,0.0
2000.0,20.00068402,2200,0,0.0,0.066788935,15,22.8,Weisz1985,6B,NADP,7.0,30,0.1158,,49.99829,2200.0,0,0.0,14.97254,,,0.0
2000.0,12.52678854,2200,0,0.0,0.056351965,15,22.8,Weisz1985,6B,NADP,7.0,30,0.1158,,79.82892,2200.0,0,0.0,17.74561,,,0.0
2000.0,9.072305092,2200,0,0.0,0.050938076,15,22.8,Weisz1985,6B,NADP,7.0,30,0.1158,,110.22557,2200.0,0,0.0,19.63168,,,0.0
2000.0,6.985226037,2200,0,0.0,0.040217804,15,22.8,Weisz1985,6B,NADP,7.0,30,0.1158,,143.15929,2200.0,0,0.0,24.86461,,,0.0
2000.0,5.716782478,2200,0,0.0,0.038066945,15,22.8,Weisz1985,6B,NADP,7.0,30,0.1158,,174.92357,2200.0,0,0.0,26.26951,,,0.0
14.41736543,10.0,0,0,0.0,0.142518153,16,22.8,Weisz1985,6C,PGA,7.0,30,0.1158,6.93608,,0.0,0,0.0,7.01665,,,0.0
7.01675109,10.0,0,0,0.0,0.133276469,16,22.8,Weisz1985,6C,PGA,7.0,30,0.1158,14.25161,,0.0,0,0.0,7.5032,,,0.0
4.80368308,10.0,0,0,0.0,0.115191714,16,22.8,Weisz1985,6C,PGA,7.0,30,0.1158,20.81736,,0.0,0,0.0,8.68118,,,0.0
3.586729817,10.0,0,0,0.0,0.109383699,16,22.8,Weisz1985,6C,PGA,7.0,30,0.1158,27.88055,,0.0,0,0.0,9.14213,,,0.0
2.892463974,10.0,0,0,0.0,0.096658422,16,22.8,Weisz1985,6C,PGA,7.0,30,0.1158,34.5726,,0.0,0,0.0,10.34571,,,0.0
14.38472227,10.0,550,0,0.0,0.115191714,16,22.8,Weisz1985,6C,PGA,7.0,30,0.1158,6.95182,,550.0,0,0.0,8.68118,,,0.0
7.034718446,10.0,550,0,0.0,0.096898286,16,22.8,Weisz1985,6C,PGA,7.0,30,0.1158,14.21521,,550.0,0,0.0,10.3201,,,0.0
4.785298033,10.0,550,0,0.0,0.095476787,16,22.8,Weisz1985,6C,PGA,7.0,30,0.1158,20.89734,,550.0,0,0.0,10.47375,,,0.0
3.599816985,10.0,550,0,0.0,0.085076262,16,22.8,Weisz1985,6C,PGA,7.0,30,0.1158,27.77919,,550.0,0,0.0,11.75416,,,0.0
2.887547078,10.0,550,0,0.0,0.075531896,16,22.8,Weisz1985,6C,PGA,7.0,30,0.1158,34.63147,,550.0,0,0.0,13.23944,,,0.0
13.92234118,10.0,1100,0,0.0,0.102359069,16,22.8,Weisz1985,6C,PGA,7.0,30,0.1158,7.1827,,1100.0,0,0.0,9.76953,,,0.0
7.029689189,10.0,1100,0,0.0,0.087752783,16,22.8,Weisz1985,6C,PGA,7.0,30,0.1158,14.22538,,1100.0,0,0.0,11.39565,,,0.0
4.77948416,10.0,1100,0,0.0,0.075972774,16,22.8,Weisz1985,6C,PGA,7.0,30,0.1158,20.92276,,1100.0,0,0.0,13.16261,,,0.0
3.596181862,10.0,1100,0,0.0,0.067913052,16,22.8,Weisz1985,6C,PGA,7.0,30,0.1158,27.80727,,1100.0,0,0.0,14.72471,,,0.0
2.893484192,10.0,1100,0,0.0,0.063599355,16,22.8,Weisz1985,6C,PGA,7.0,30,0.1158,34.56041,,1100.0,0,0.0,15.72343,,,0.0
14.26492825,10.0,1650,0,0.0,0.08677776,16,22.8,Weisz1985,6C,PGA,7.0,30,0.1158,7.0102,,1650.0,0,0.0,11.52369,,,0.0
6.990508986,10.0,1650,0,0.0,0.075972774,16,22.8,Weisz1985,6C,PGA,7.0,30,0.1158,14.30511,,1650.0,0,0.0,13.16261,,,0.0
4.789590878,10.0,1650,0,0.0,0.065962843,16,22.8,Weisz1985,6C,PGA,7.0,30,0.1158,20.87861,,1650.0,0,0.0,15.16005,,,0.0
3.593271814,10.0,1650,0,0.0,0.058458098,16,22.8,Weisz1985,6C,PGA,7.0,30,0.1158,27.82979,,1650.0,0,0.0,17.10627,,,0.0
2.891337466,10.0,1650,0,0.0,0.054236111,16,22.8,Weisz1985,6C,PGA,7.0,30,0.1158,34.58607,,1650.0,0,0.0,18.4379,,,0.0
14.17842412,10.0,2200,0,0.0,0.078650545,16,22.8,Weisz1985,6C,PGA,7.0,30,0.1158,7.05297,,2200.0,0,0.0,12.71447,,,0.0
7.044476004,10.0,2200,0,0.0,0.067096217,16,22.8,Weisz1985,6C,PGA,7.0,30,0.1158,14.19552,,2200.0,0,0.0,14.90397,,,0.0
4.814358342,10.0,2200,0,0.0,0.05837071,16,22.8,Weisz1985,6C,PGA,7.0,30,0.1158,20.7712,,2200.0,0,0.0,17.13188,,,0.0
3.598039932,10.0,2200,0,0.0,0.050322162,16,22.8,Weisz1985,6C,PGA,7.0,30,0.1158,27.79291,,2200.0,0,0.0,19.87196,,,0.0
2.889800075,10.0,2200,0,0.0,0.049057796,16,22.8,Weisz1985,6C,PGA,7.0,30,0.1158,34.60447,,2200.0,0,0.0,20.38412,,,0.0
14.07384264,100.0,0,0,0.0,0.354338521,17,22.8,Weisz1985,6D,PGA,7.0,30,0.1158,7.10538,,0.0,0,0.0,2.82216,,,0.0
6.998483429,100.0,0,0,0.0,0.3193419,17,22.8,Weisz1985,6D,PGA,7.0,30,0.1158,14.28881,,0.0,0,0.0,3.13144,,,0.0
4.811173469,100.0,0,0,0.0,0.282182171,17,22.8,Weisz1985,6D,PGA,7.0,30,0.1158,20.78495,,0.0,0,0.0,3.54381,,,0.0
3.591693419,100.0,0,0,0.0,0.260402426,17,22.8,Weisz1985,6D,PGA,7.0,30,0.1158,27.84202,,0.0,0,0.0,3.84021,,,0.0
2.865683412,100.0,0,0,0.0,0.246349106,17,22.8,Weisz1985,6D,PGA,7.0,30,0.1158,34.89569,,0.0,0,0.0,4.05928,,,0.0
14.24067307,100.0,550,0,0.0,0.263945564,17,22.8,Weisz1985,6D,PGA,7.0,30,0.1158,7.02214,,550.0,0,0.0,3.78866,,,0.0
6.979365506,100.0,550,0,0.0,0.248717859,17,22.8,Weisz1985,6D,PGA,7.0,30,0.1158,14.32795,,550.0,0,0.0,4.02062,,,0.0
4.831312315,100.0,550,0,0.0,0.22558138,17,22.8,Weisz1985,6D,PGA,7.0,30,0.1158,20.69831,,550.0,0,0.0,4.43299,,,0.0
3.598417992,100.0,550,0,0.0,0.18130854,17,22.8,Weisz1985,6D,PGA,7.0,30,0.1158,27.78999,,550.0,0,0.0,5.51546,,,0.0
2.896861309,100.0,550,0,0.0,0.180885798,17,22.8,Weisz1985,6D,PGA,7.0,30,0.1158,34.52012,,550.0,0,0.0,5.52835,,,0.0
14.55171972,100.0,1100,0,0.0,0.21436457,17,22.8,Weisz1985,6D,PGA,7.0,30,0.1158,6.87204,,1100.0,0,0.0,4.66495,,,0.0
7.003154221,100.0,1100,0,0.0,0.197706994,17,22.8,Weisz1985,6D,PGA,7.0,30,0.1158,14.27928,,1100.0,0,0.0,5.05799,,,0.0
4.847885474,100.0,1100,0,0.0,0.175963709,17,22.8,Weisz1985,6D,PGA,7.0,30,0.1158,20.62755,,1100.0,0,0.0,5.68299,,,0.0
3.608120581,100.0,1100,0,0.0,0.149806899,17,22.8,Weisz1985,6D,PGA,7.0,30,0.1158,27.71526,,1100.0,0,0.0,6.67526,,,0.0
2.896473659,100.0,1100,0,0.0,0.141605753,17,22.8,Weisz1985,6D,PGA,7.0,30,0.1158,34.52474,,1100.0,0,0.0,7.06186,,,0.0
14.50143347,100.0,1650,0,0.0,0.192079044,17,22.8,Weisz1985,6D,PGA,7.0,30,0.1158,6.89587,,1650.0,0,0.0,5.20619,,,0.0
7.023744471,100.0,1650,0,0.0,0.16,17,22.8,Weisz1985,6D,PGA,7.0,30,0.1158,14.23742,,1650.0,0,0.0,6.25,,,0.0
4.805758452,100.0,1650,0,0.0,0.144237912,17,22.8,Weisz1985,6D,PGA,7.0,30,0.1158,20.80837,,1650.0,0,0.0,6.93299,,,0.0
3.610400263,100.0,1650,0,0.0,0.129765812,17,22.8,Weisz1985,6D,PGA,7.0,30,0.1158,27.69776,,1650.0,0,0.0,7.70619,,,0.0
2.892196276,100.0,1650,0,0.0,0.121630086,17,22.8,Weisz1985,6D,PGA,7.0,30,0.1158,34.5758,,1650.0,0,0.0,8.22165,,,0.0
14.5000667,100.0,2200,0,0.0,0.150387699,17,22.8,Weisz1985,6D,PGA,7.0,30,0.1158,6.89652,,2200.0,0,0.0,6.64948,,,0.0
7.030425573,100.0,2200,0,0.0,0.13566441,17,22.8,Weisz1985,6D,PGA,7.0,30,0.1158,14.22389,,2200.0,0,0.0,7.37113,,,0.0
4.84832265,100.0,2200,0,0.0,0.128476741,17,22.8,Weisz1985,6D,PGA,7.0,30,0.1158,20.62569,,2200.0,0,0.0,7.78351,,,0.0
3.61053844,100.0,2200,0,0.0,0.109759605,17,22.8,Weisz1985,6D,PGA,7.0,30,0.1158,27.6967,,2200.0,0,0.0,9.11082,,,0.0
2.891952881,100.0,2200,0,0.0,0.102917823,17,22.8,Weisz1985,6D,PGA,7.0,30,0.1158,34.57871,,2200.0,0,0.0,9.71649,,,0.0
50.0,20.338,0,0,0.0,0.140199363,18,22.8,Weisz1985,7A,NADP,8.6,30,0.1158,50.0,49.1687,0.0,0,0.0,7.1327,,,0.0
50.0,12.391,0,0,0.0,0.138037657,18,22.8,Weisz1985,7A,NADP,8.6,30,0.1158,50.0,80.7006,0.0,0,0.0,7.2444,,,0.0
50.0,9.119,0,0,0.0,0.136757747,18,22.8,Weisz1985,7A,NADP,8.6,30,0.1158,50.0,109.6565,0.0,0,0.0,7.3122,,,0.0
50.0,6.852,0,0,0.0,0.134716422,18,22.8,Weisz1985,7A,NADP,8.6,30,0.1158,50.0,145.95,0.0,0,0.0,7.423,,,0.0
50.0,5.741,0,0,0.0,0.131795717,18,22.8,Weisz1985,7A,NADP,8.6,30,0.1158,50.0,174.1993,0.0,0,0.0,7.5875,,,0.0
50.0,5.003,0,0,0.0,0.129860011,18,22.8,Weisz1985,7A,NADP,8.6,30,0.1158,50.0,199.8707,0.0,0,0.0,7.7006,,,0.0
50.0,20.118,0,100,0.0,0.128681911,18,22.8,Weisz1985,7A,NADP,8.6,30,0.1158,50.0,49.7065,0.0,100,0.0,7.7711,,,0.0
50.0,12.596,0,100,0.0,0.117548871,18,22.8,Weisz1985,7A,NADP,8.6,30,0.1158,50.0,79.3914,0.0,100,0.0,8.5071,,,0.0
50.0,9.084,0,100,0.0,0.112249823,18,22.8,Weisz1985,7A,NADP,8.6,30,0.1158,50.0,110.0854,0.0,100,0.0,8.9087,,,0.0
50.0,6.827,0,100,0.0,0.106404486,18,22.8,Weisz1985,7A,NADP,8.6,30,0.1158,50.0,146.4806,0.0,100,0.0,9.3981,,,0.0
50.0,5.718,0,100,0.0,0.105475219,18,22.8,Weisz1985,7A,NADP,8.6,30,0.1158,50.0,174.8911,0.0,100,0.0,9.4809,,,0.0
50.0,4.99,0,100,0.0,0.102643059,18,22.8,Weisz1985,7A,NADP,8.6,30,0.1158,50.0,200.4192,0.0,100,0.0,9.7425,,,0.0
50.0,20.135,0,200,0.0,0.103548611,18,22.8,Weisz1985,7A,NADP,8.6,30,0.1158,50.0,49.6637,0.0,200,0.0,9.6573,,,0.0
50.0,12.535,0,200,0.0,0.10052676,18,22.8,Weisz1985,7A,NADP,8.6,30,0.1158,50.0,79.7783,0.0,200,0.0,9.9476,,,0.0
50.0,9.077,0,200,0.0,0.09439038,18,22.8,Weisz1985,7A,NADP,8.6,30,0.1158,50.0,110.1718,0.0,200,0.0,10.5943,,,0.0
50.0,6.818,0,200,0.0,0.093027583,18,22.8,Weisz1985,7A,NADP,8.6,30,0.1158,50.0,146.6604,0.0,200,0.0,10.7495,,,0.0
50.0,5.723,0,200,0.0,0.091812189,18,22.8,Weisz1985,7A,NADP,8.6,30,0.1158,50.0,174.7206,0.0,200,0.0,10.8918,,,0.0
50.0,5.003,0,200,0.0,0.089300864,18,22.8,Weisz1985,7A,NADP,8.6,30,0.1158,50.0,199.8945,0.0,200,0.0,11.1981,,,0.0
50.0,20.18,0,400,0.0,0.088508107,18,22.8,Weisz1985,7A,NADP,8.6,30,0.1158,50.0,49.5551,0.0,400,0.0,11.2984,,,0.0
50.0,12.489,0,400,0.0,0.085361377,18,22.8,Weisz1985,7A,NADP,8.6,30,0.1158,50.0,80.0699,0.0,400,0.0,11.7149,,,0.0
50.0,9.132,0,400,0.0,0.081877953,18,22.8,Weisz1985,7A,NADP,8.6,30,0.1158,50.0,109.5078,0.0,400,0.0,12.2133,,,0.0
50.0,6.833,0,400,0.0,0.076793709,18,22.8,Weisz1985,7A,NADP,8.6,30,0.1158,50.0,146.3551,0.0,400,0.0,13.0219,,,0.0
50.0,5.714,0,400,0.0,0.074991751,18,22.8,Weisz1985,7A,NADP,8.6,30,0.1158,50.0,175.0106,0.0,400,0.0,13.3348,,,0.0
50.0,4.98,0,400,0.0,0.06853352,18,22.8,Weisz1985,7A,NADP,8.6,30,0.1158,50.0,200.806,0.0,400,0.0,14.5914,,,0.0
144.682,10.0,0,0,0.0,0.126,19,22.8,Weisz1985,7B,PGA,8.6,30,0.1158,6.9117,10.0,0.0,0,0.0,7.9635,,,0.0
69.469,10.0,0,0,0.0,0.114,19,22.8,Weisz1985,7B,PGA,8.6,30,0.1158,14.395,10.0,0.0,0,0.0,8.786,,,0.0
47.851,10.0,0,0,0.0,0.106,19,22.8,Weisz1985,7B,PGA,8.6,30,0.1158,20.8984,10.0,0.0,0,0.0,9.4259,,,0.0
35.628,10.0,0,0,0.0,0.096,19,22.8,Weisz1985,7B,PGA,8.6,30,0.1158,28.0677,10.0,0.0,0,0.0,10.3829,,,0.0
26.767,10.0,0,0,0.0,0.084,19,22.8,Weisz1985,7B,PGA,8.6,30,0.1158,37.3593,10.0,0.0,0,0.0,11.9173,,,0.0
23.843,10.0,0,0,0.0,0.078,19,22.8,Weisz1985,7B,PGA,8.6,30,0.1158,41.9405,10.0,0.0,0,0.0,12.7514,,,0.0
143.627,10.0,0,360,0.0,0.095,19,22.8,Weisz1985,7B,PGA,8.6,30,0.1158,6.9625,10.0,0.0,360,0.0,10.5338,,,0.0
68.823,10.0,0,360,0.0,0.077,19,22.8,Weisz1985,7B,PGA,8.6,30,0.1158,14.53,10.0,0.0,360,0.0,12.9408,,,0.0
47.687,10.0,0,360,0.0,0.07,19,22.8,Weisz1985,7B,PGA,8.6,30,0.1158,20.9701,10.0,0.0,360,0.0,14.3801,,,0.0
35.631,10.0,0,360,0.0,0.059,19,22.8,Weisz1985,7B,PGA,8.6,30,0.1158,28.0655,10.0,0.0,360,0.0,16.9356,,,0.0
26.84,10.0,0,360,0.0,0.053,19,22.8,Weisz1985,7B,PGA,8.6,30,0.1158,37.2584,10.0,0.0,360,0.0,18.8167,,,0.0
23.871,10.0,0,360,0.0,0.051,19,22.8,Weisz1985,7B,PGA,8.6,30,0.1158,41.8926,10.0,0.0,360,0.0,19.6639,,,0.0
142.692,10.0,0,720,0.0,0.078,19,22.8,Weisz1985,7B,PGA,8.6,30,0.1158,7.0081,10.0,0.0,720,0.0,12.8377,,,0.0
69.436,10.0,0,720,0.0,0.063,19,22.8,Weisz1985,7B,PGA,8.6,30,0.1158,14.4017,10.0,0.0,720,0.0,15.7915,,,0.0
48.037,10.0,0,720,0.0,0.054,19,22.8,Weisz1985,7B,PGA,8.6,30,0.1158,20.8172,10.0,0.0,720,0.0,18.656,,,0.0
35.585,10.0,0,720,0.0,0.05,19,22.8,Weisz1985,7B,PGA,8.6,30,0.1158,28.1018,10.0,0.0,720,0.0,20.1053,,,0.0
26.873,10.0,0,720,0.0,0.037,19,22.8,Weisz1985,7B,PGA,8.6,30,0.1158,37.2126,10.0,0.0,720,0.0,27.1676,,,0.0
23.898,10.0,0,720,0.0,0.036,19,22.8,Weisz1985,7B,PGA,8.6,30,0.1158,41.8444,10.0,0.0,720,0.0,27.895,,,0.0
142.003,10.0,0,1080,0.0,0.069,19,22.8,Weisz1985,7B,PGA,8.6,30,0.1158,7.0421,10.0,0.0,1080,0.0,14.5557,,,0.0
68.917,10.0,0,1080,0.0,0.054,19,22.8,Weisz1985,7B,PGA,8.6,30,0.1158,14.5103,10.0,0.0,1080,0.0,18.6146,,,0.0
47.561,10.0,0,1080,0.0,0.044,19,22.8,Weisz1985,7B,PGA,8.6,30,0.1158,21.0258,10.0,0.0,1080,0.0,22.5309,,,0.0
35.596,10.0,0,1080,0.0,0.036,19,22.8,Weisz1985,7B,PGA,8.6,30,0.1158,28.0929,10.0,0.0,1080,0.0,27.6569,,,0.0
0.0,0.0,25800,70,9.1,-0.353942208,20,7.6,Villet1972,1A,NADPH,7.0,25,0.079,0.0,0.0,25800.0,70,0.05965,2.82532,,,0.0
0.0,0.0,25800,70,3.8,-0.299350111,20,7.6,Villet1972,1A,NADPH,7.0,25,0.079,0.0,0.0,25800.0,70,0.23292,3.34057,,,0.0
0.0,0.0,25800,70,0.28,-0.181874728,20,7.6,Villet1972,1A,NADPH,7.0,25,0.079,0.0,0.0,25800.0,70,3.5546,5.49829,,,0.0
0.0,0.0,25800,70,0.14,-0.112886948,20,7.6,Villet1972,1A,NADPH,7.0,25,0.079,0.0,0.0,25800.0,70,7.11673,8.85842,,,0.0
0.0,0.0,17300,70,9.1,-0.236962894,20,7.6,Villet1972,1A,NADPH,7.0,25,0.079,0.0,0.0,17300.0,70,0.03795,4.22007,,,0.0
0.0,0.0,17300,70,3.8,-0.21515602,20,7.6,Villet1972,1A,NADPH,7.0,25,0.079,0.0,0.0,17300.0,70,0.23778,4.64779,,,0.0
0.0,0.0,17300,70,0.28,-0.118102378,20,7.6,Villet1972,1A,NADPH,7.0,25,0.079,0.0,0.0,17300.0,70,3.53167,8.46723,,,0.0
0.0,0.0,17300,70,0.14,-0.087629363,20,7.6,Villet1972,1A,NADPH,7.0,25,0.079,0.0,0.0,17300.0,70,7.09706,11.4117,,,0.0
0.0,0.0,8600,70,9.1,-0.141393318,20,7.6,Villet1972,1A,NADPH,7.0,25,0.079,0.0,0.0,8600.0,70,0.05337,7.07247,,,0.0
0.0,0.0,8600,70,3.8,-0.149934254,20,7.6,Villet1972,1A,NADPH,7.0,25,0.079,0.0,0.0,8600.0,70,0.27151,6.66959,,,0.0
0.0,0.0,8600,70,0.28,-0.086523228,20,7.6,Villet1972,1A,NADPH,7.0,25,0.079,0.0,0.0,8600.0,70,3.55279,11.55759,,,0.0
0.0,0.0,8600,70,0.14,-0.068116968,20,7.6,Villet1972,1A,NADPH,7.0,25,0.079,0.0,0.0,8600.0,70,7.12393,14.68063,,,0.0
0.0,0.0,5200,70,9.1,-0.087188823,20,7.6,Villet1972,1A,NADPH,7.0,25,0.079,0.0,0.0,5200.0,70,0.06758,11.46936,,,0.0
0.0,0.0,5200,70,3.8,-0.102492515,20,7.6,Villet1972,1A,NADPH,7.0,25,0.079,0.0,0.0,5200.0,70,0.23965,9.75681,,,0.0
0.0,0.0,5200,70,0.28,-0.057639479,20,7.6,Villet1972,1A,NADPH,7.0,25,0.079,0.0,0.0,5200.0,70,3.5453,17.34922,,,0.0
0.0,0.0,5200,70,0.14,-0.041147962,20,7.6,Villet1972,1A,NADPH,7.0,25,0.079,0.0,0.0,5200.0,70,7.09283,24.30254,,,0.0
0.0,0.0,25800,42,9.1,-0.385857549,21,7.6,Villet1972,1B,NADPH,7.0,25,0.079,0.0,0.0,25800.0,42,0.07364,2.59163,,,0.0
0.0,0.0,25800,42,3.8,-0.334873753,21,7.6,Villet1972,1B,NADPH,7.0,25,0.079,0.0,0.0,25800.0,42,0.24829,2.9862,,,0.0
0.0,0.0,25800,42,0.28,-0.134948578,21,7.6,Villet1972,1B,NADPH,7.0,25,0.079,0.0,0.0,25800.0,42,3.53444,7.41023,,,0.0
0.0,0.0,25800,42,0.14,-0.088290164,21,7.6,Villet1972,1B,NADPH,7.0,25,0.079,0.0,0.0,25800.0,42,7.05754,11.32629,,,0.0
0.0,0.0,17300,42,9.1,-0.215551618,21,7.6,Villet1972,1B,NADPH,7.0,25,0.079,0.0,0.0,17300.0,42,0.04077,4.63926,,,0.0
0.0,0.0,17300,42,3.8,-0.212627523,21,7.6,Villet1972,1B,NADPH,7.0,25,0.079,0.0,0.0,17300.0,42,0.24803,4.70306,,,0.0
0.0,0.0,17300,42,0.28,-0.098221214,21,7.6,Villet1972,1B,NADPH,7.0,25,0.079,0.0,0.0,17300.0,42,3.52218,10.1811,,,0.0
0.0,0.0,17300,42,0.14,-0.074768144,21,7.6,Villet1972,1B,NADPH,7.0,25,0.079,0.0,0.0,17300.0,42,7.06909,13.37468,,,0.0
0.0,0.0,8600,42,9.1,-0.133847486,21,7.6,Villet1972,1B,NADPH,7.0,25,0.079,0.0,0.0,8600.0,42,0.07588,7.47119,,,0.0
0.0,0.0,8600,42,3.8,-0.148115014,21,7.6,Villet1972,1B,NADPH,7.0,25,0.079,0.0,0.0,8600.0,42,0.25958,6.75151,,,0.0
0.0,0.0,8600,42,0.28,-0.080580762,21,7.6,Villet1972,1B,NADPH,7.0,25,0.079,0.0,0.0,8600.0,42,3.51593,12.40991,,,0.0
0.0,0.0,8600,42,0.14,-0.055888902,21,7.6,Villet1972,1B,NADPH,7.0,25,0.079,0.0,0.0,8600.0,42,7.06249,17.89264,,,0.0
0.0,0.0,5200,42,9.1,-0.085556007,21,7.6,Villet1972,1B,NADPH,7.0,25,0.079,0.0,0.0,5200.0,42,0.0871,11.68825,,,0.0
0.0,0.0,5200,42,3.8,-0.085534419,21,7.6,Villet1972,1B,NADPH,7.0,25,0.079,0.0,0.0,5200.0,42,0.25884,11.6912,,,0.0
0.0,0.0,5200,42,0.28,-0.042562736,21,7.6,Villet1972,1B,NADPH,7.0,25,0.079,0.0,0.0,5200.0,42,3.5439,23.49473,,,0.0
0.0,0.0,5200,42,0.14,-0.029484001,21,7.6,Villet1972,1B,NADPH,7.0,25,0.079,0.0,0.0,5200.0,42,7.06012,33.9167,,,0.0
0.0,0.0,25800,21,9.1,-0.241591411,22,7.6,Villet1972,1C,NADPH,7.0,25,0.079,0.0,0.0,25800.0,21,0.09066,4.13922,,,0.0
0.0,0.0,25800,21,3.8,-0.232255128,22,7.6,Villet1972,1C,NADPH,7.0,25,0.079,0.0,0.0,25800.0,21,0.27701,4.30561,,,0.0
0.0,0.0,25800,21,0.28,-0.077672256,22,7.6,Villet1972,1C,NADPH,7.0,25,0.079,0.0,0.0,25800.0,21,3.57357,12.87461,,,0.0
0.0,0.0,25800,21,0.14,-0.057458617,22,7.6,Villet1972,1C,NADPH,7.0,25,0.079,0.0,0.0,25800.0,21,7.16399,17.40383,,,0.0
0.0,0.0,17300,21,9.1,-0.173158374,22,7.6,Villet1972,1C,NADPH,7.0,25,0.079,0.0,0.0,17300.0,21,0.05079,5.77506,,,0.0
0.0,0.0,17300,21,3.8,-0.159895109,22,7.6,Villet1972,1C,NADPH,7.0,25,0.079,0.0,0.0,17300.0,21,0.24861,6.2541,,,0.0
0.0,0.0,17300,21,0.28,-0.067107158,22,7.6,Villet1972,1C,NADPH,7.0,25,0.079,0.0,0.0,17300.0,21,3.55289,14.90154,,,0.0
0.0,0.0,17300,21,0.14,-0.046600993,22,7.6,Villet1972,1C,NADPH,7.0,25,0.079,0.0,0.0,17300.0,21,7.14205,21.45877,,,0.0
0.0,0.0,8600,21,9.1,-0.094577047,22,7.6,Villet1972,1C,NADPH,7.0,25,0.079,0.0,0.0,8600.0,21,0.07112,10.57339,,,0.0
0.0,0.0,8600,21,3.8,-0.104066936,22,7.6,Villet1972,1C,NADPH,7.0,25,0.079,0.0,0.0,8600.0,21,0.26595,9.6092,,,0.0
0.0,0.0,8600,21,0.28,-0.037644763,22,7.6,Villet1972,1C,NADPH,7.0,25,0.079,0.0,0.0,8600.0,21,3.57283,26.56412,,,0.0
0.0,0.0,8600,21,0.14,-0.028450894,22,7.6,Villet1972,1C,NADPH,7.0,25,0.079,0.0,0.0,8600.0,21,7.14131,35.14828,,,0.0
0.0,0.0,5200,21,9.1,-0.060739614,22,7.6,Villet1972,1C,NADPH,7.0,25,0.079,0.0,0.0,5200.0,21,0.09077,16.46372,,,0.0
0.0,0.0,5200,21,3.8,-0.075999392,22,7.6,Villet1972,1C,NADPH,7.0,25,0.079,0.0,0.0,5200.0,21,0.25986,13.158,,,0.0
0.0,0.0,5200,21,0.28,-0.027927368,22,7.6,Villet1972,1C,NADPH,7.0,25,0.079,0.0,0.0,5200.0,21,3.56709,35.80717,,,0.0
0.0,0.0,5200,21,0.14,-0.018338065,22,7.6,Villet1972,1C,NADPH,7.0,25,0.079,0.0,0.0,5200.0,21,7.12926,54.53138,,,0.0
0.0,0.0,25800,14,9.1,-0.182165621,23,7.6,Villet1972,1D,NADPH,7.0,25,0.079,0.0,0.0,25800.0,14,0.09202,5.48951,,,0.0
0.0,0.0,25800,14,3.8,-0.189348395,23,7.6,Villet1972,1D,NADPH,7.0,25,0.079,0.0,0.0,25800.0,14,0.28044,5.28127,,,0.0
0.0,0.0,25800,14,0.28,-0.067917526,23,7.6,Villet1972,1D,NADPH,7.0,25,0.079,0.0,0.0,25800.0,14,3.55177,14.72374,,,0.0
0.0,0.0,25800,14,0.14,-0.041921427,23,7.6,Villet1972,1D,NADPH,7.0,25,0.079,0.0,0.0,25800.0,14,7.12666,23.85415,,,0.0
0.0,0.0,17300,14,9.1,-0.135337776,23,7.6,Villet1972,1D,NADPH,7.0,25,0.079,0.0,0.0,17300.0,14,0.07034,7.38892,,,0.0
0.0,0.0,17300,14,3.8,-0.144571555,23,7.6,Villet1972,1D,NADPH,7.0,25,0.079,0.0,0.0,17300.0,14,0.26933,6.91699,,,0.0
0.0,0.0,17300,14,0.28,-0.056734337,23,7.6,Villet1972,1D,NADPH,7.0,25,0.079,0.0,0.0,17300.0,14,3.5454,17.62601,,,0.0
0.0,0.0,17300,14,0.14,-0.033012071,23,7.6,Villet1972,1D,NADPH,7.0,25,0.079,0.0,0.0,17300.0,14,7.11367,30.29195,,,0.0
0.0,0.0,8600,14,9.1,-0.074599698,23,7.6,Villet1972,1D,NADPH,7.0,25,0.079,0.0,0.0,8600.0,14,0.07845,13.40488,,,0.0
0.0,0.0,8600,14,3.8,-0.089353926,23,7.6,Villet1972,1D,NADPH,7.0,25,0.079,0.0,0.0,8600.0,14,0.27289,11.19145,,,0.0
0.0,0.0,8600,14,0.28,-0.039726081,23,7.6,Villet1972,1D,NADPH,7.0,25,0.079,0.0,0.0,8600.0,14,3.55813,25.17238,,,0.0
0.0,0.0,8600,14,0.14,-0.018949375,23,7.6,Villet1972,1D,NADPH,7.0,25,0.079,0.0,0.0,8600.0,14,7.11532,52.77219,,,0.0
0.0,0.0,5200,14,9.1,-0.050395834,23,7.6,Villet1972,1D,NADPH,7.0,25,0.079,0.0,0.0,5200.0,14,0.08115,19.84291,,,0.0
0.0,0.0,5200,14,3.8,-0.064220755,23,7.6,Villet1972,1D,NADPH,7.0,25,0.079,0.0,0.0,5200.0,14,0.26594,15.57129,,,0.0
0.0,0.0,5200,14,0.28,-0.021558424,23,7.6,Villet1972,1D,NADPH,7.0,25,0.079,0.0,0.0,5200.0,14,3.52365,46.38558,,,0.0
0.0,0.0,5200,14,0.14,-0.012225596,23,7.6,Villet1972,1D,NADPH,7.0,25,0.079,0.0,0.0,5200.0,14,7.09347,81.7956,,,0.0
